date_time,open,high,low,close,volume
2020-02-11 00:00:00,9865.06,9883.05,9864.0,9880.88,97.18845
2020-02-11 00:01:00,9880.88,9881.02,9872.08,9880.69,27.846959
2020-02-11 00:02:00,9880.57,9880.66,9873.43,9876.29,38.870469
2020-02-11 00:03:00,9876.28,9877.08,9864.49,9864.67,36.594783
2020-02-11 00:04:00,9866.36,9870.0,9864.86,9868.34,42.915132
2020-02-11 00:05:00,9868.6,9872.03,9860.12,9861.01,63.350443
2020-02-11 00:06:00,9860.9,9861.01,9855.0,9856.16,37.364646
2020-02-11 00:07:00,9856.31,9856.31,9840.0,9844.57,201.847087
2020-02-11 00:08:00,9843.54,9866.26,9843.54,9864.7,217.219229
2020-02-11 00:09:00,9864.86,9866.31,9851.36,9856.13,37.098851
2020-02-11 00:10:00,9856.13,9873.91,9855.04,9870.83,55.302411
2020-02-11 00:11:00,9869.71,9875.0,9868.45,9873.09,28.137092
2020-02-11 00:12:00,9873.09,9885.08,9871.37,9880.32,29.807884
2020-02-11 00:13:00,9879.95,9887.97,9878.84,9882.15,22.127606
2020-02-11 00:14:00,9883.5,9891.89,9882.32,9891.88,38.932226
2020-02-11 00:15:00,9891.35,9893.17,9883.6,9886.74,42.434612
2020-02-11 00:16:00,9886.46,9887.98,9879.9,9881.57,32.373769
2020-02-11 00:17:00,9880.26,9881.57,9868.46,9874.17,17.493567
2020-02-11 00:18:00,9874.17,9880.05,9871.95,9872.95,14.916374
2020-02-11 00:19:00,9872.9,9877.99,9870.0,9872.6,20.133957
2020-02-11 00:20:00,9872.6,9881.0,9872.01,9876.04,17.33486
2020-02-11 00:21:00,9875.96,9876.95,9870.31,9871.31,21.718834
2020-02-11 00:22:00,9872.25,9878.69,9866.34,9866.42,34.846288
2020-02-11 00:23:00,9867.07,9872.08,9860.0,9871.43,28.999819
2020-02-11 00:24:00,9871.49,9872.07,9860.0,9867.13,48.870926
2020-02-11 00:25:00,9866.61,9870.24,9860.0,9868.42,25.432614
2020-02-11 00:26:00,9867.63,9875.74,9861.61,9874.65,24.117883
2020-02-11 00:27:00,9873.96,9882.97,9873.18,9878.79,37.622292
2020-02-11 00:28:00,9878.88,9883.73,9876.64,9880.19,14.146513
2020-02-11 00:29:00,9879.99,9889.15,9879.95,9888.21,45.414921
2020-02-11 00:30:00,9888.24,9889.14,9879.27,9888.65,24.262996
2020-02-11 00:31:00,9887.86,9888.94,9880.42,9882.11,24.590659
2020-02-11 00:32:00,9882.11,9883.4,9879.1,9879.1,22.505284
2020-02-11 00:33:00,9879.1,9882.45,9879.1,9881.33,19.367916
2020-02-11 00:34:00,9881.29,9886.79,9881.19,9882.01,15.09678
2020-02-11 00:35:00,9882.01,9884.48,9879.99,9880.57,29.072285
2020-02-11 00:36:00,9881.29,9882.75,9871.22,9871.22,100.693743
2020-02-11 00:37:00,9872.43,9872.86,9866.64,9870.75,37.625716
2020-02-11 00:38:00,9870.75,9871.44,9866.02,9868.2,18.307528
2020-02-11 00:39:00,9867.76,9867.76,9860.0,9862.45,22.375985
2020-02-11 00:40:00,9862.37,9868.11,9855.1,9862.44,61.229185
2020-02-11 00:41:00,9861.71,9864.19,9856.56,9861.02,22.579661
2020-02-11 00:42:00,9860.22,9862.36,9855.5,9857.29,25.586377
2020-02-11 00:43:00,9857.31,9862.35,9855.72,9859.14,23.265459
2020-02-11 00:44:00,9859.05,9868.8,9859.03,9867.46,37.935015
2020-02-11 00:45:00,9866.28,9867.39,9862.71,9864.0,25.761152
2020-02-11 00:46:00,9864.0,9864.0,9833.33,9850.15,90.987442
2020-02-11 00:47:00,9850.13,9850.15,9830.0,9830.62,39.331756
2020-02-11 00:48:00,9830.62,9835.49,9820.0,9832.11,110.44286
2020-02-11 00:49:00,9832.94,9842.74,9830.0,9837.09,39.721651
2020-02-11 00:50:00,9837.5,9838.22,9825.0,9826.06,57.968133
2020-02-11 00:51:00,9826.06,9827.17,9820.0,9822.66,36.536822
2020-02-11 00:52:00,9822.66,9825.88,9820.03,9821.88,44.028185
2020-02-11 00:53:00,9821.89,9825.98,9815.73,9820.03,198.80239
2020-02-11 00:54:00,9820.03,9830.25,9816.0,9828.54,45.608556
2020-02-11 00:55:00,9828.62,9844.27,9828.62,9841.48,41.802781
2020-02-11 00:56:00,9841.47,9842.88,9830.04,9832.29,20.92701
2020-02-11 00:57:00,9832.21,9834.54,9828.21,9830.04,18.067742
2020-02-11 00:58:00,9830.05,9831.26,9822.01,9825.04,41.579004
2020-02-11 00:59:00,9824.73,9833.63,9823.57,9832.49,14.833417
2020-02-11 01:00:00,9832.86,9838.53,9832.49,9832.76,14.975252
2020-02-11 01:01:00,9832.75,9832.95,9816.01,9819.2,30.496896
2020-02-11 01:02:00,9819.2,9830.97,9816.73,9823.68,35.053658
2020-02-11 01:03:00,9823.68,9824.88,9812.28,9812.91,70.238013
2020-02-11 01:04:00,9814.19,9827.51,9813.14,9823.33,51.633781
2020-02-11 01:05:00,9823.45,9831.34,9819.12,9830.45,23.549279
2020-02-11 01:06:00,9831.7,9834.17,9827.54,9830.27,24.085382
2020-02-11 01:07:00,9831.49,9840.78,9830.14,9836.02,21.628566
2020-02-11 01:08:00,9836.14,9837.0,9830.0,9836.21,16.895461
2020-02-11 01:09:00,9836.7,9837.13,9832.39,9834.84,57.568584
2020-02-11 01:10:00,9834.84,9835.05,9823.81,9828.12,24.317929
2020-02-11 01:11:00,9829.34,9833.77,9824.68,9833.77,30.441107
2020-02-11 01:12:00,9833.39,9840.43,9832.88,9840.08,32.762609
2020-02-11 01:13:00,9840.08,9844.51,9835.31,9837.75,14.302496
2020-02-11 01:14:00,9838.0,9842.02,9837.73,9840.55,14.238171
2020-02-11 01:15:00,9841.19,9847.65,9840.0,9847.23,19.257854
2020-02-11 01:16:00,9847.51,9850.0,9840.0,9847.09,34.99224
2020-02-11 01:17:00,9847.48,9850.0,9843.8,9848.0,20.5171
2020-02-11 01:18:00,9847.3,9850.55,9844.25,9848.81,17.840018
2020-02-11 01:19:00,9849.62,9850.95,9845.37,9846.77,24.941077
2020-02-11 01:20:00,9846.51,9850.97,9846.12,9848.42,15.672084
2020-02-11 01:21:00,9848.35,9850.08,9832.64,9833.92,18.054519
2020-02-11 01:22:00,9832.96,9837.45,9832.52,9832.53,12.263576
2020-02-11 01:23:00,9832.53,9835.89,9828.21,9833.65,20.711037
2020-02-11 01:24:00,9833.69,9834.31,9826.35,9829.82,23.115762
2020-02-11 01:25:00,9830.58,9836.09,9825.01,9835.11,30.34259
2020-02-11 01:26:00,9835.34,9836.79,9829.43,9834.71,49.531882
2020-02-11 01:27:00,9833.12,9834.34,9829.51,9830.12,18.961083
2020-02-11 01:28:00,9830.15,9830.29,9822.78,9823.34,20.460532
2020-02-11 01:29:00,9823.61,9833.0,9823.6,9829.67,27.229939
2020-02-11 01:30:00,9829.63,9829.71,9819.8,9829.5,47.654907
2020-02-11 01:31:00,9829.5,9833.79,9828.29,9831.52,20.671379
2020-02-11 01:32:00,9831.52,9832.11,9823.4,9823.88,14.595428
2020-02-11 01:33:00,9824.41,9830.21,9822.15,9826.11,23.392036
2020-02-11 01:34:00,9825.91,9825.91,9820.89,9823.86,11.039262
2020-02-11 01:35:00,9823.89,9824.29,9820.06,9822.77,33.396465
2020-02-11 01:36:00,9822.77,9827.89,9822.04,9827.03,37.923115
2020-02-11 01:37:00,9826.99,9831.45,9826.47,9831.31,24.6632
2020-02-11 01:38:00,9831.31,9836.72,9828.86,9835.66,35.616911
2020-02-11 01:39:00,9835.28,9838.09,9835.09,9837.09,36.655376
2020-02-11 01:40:00,9837.08,9840.0,9835.96,9840.0,8.913495
2020-02-11 01:41:00,9840.0,9842.76,9838.29,9839.95,18.179728
2020-02-11 01:42:00,9839.31,9842.49,9839.02,9840.0,12.354332
2020-02-11 01:43:00,9840.0,9840.0,9835.61,9835.62,30.422026
2020-02-11 01:44:00,9835.82,9841.15,9834.29,9839.12,12.537354
2020-02-11 01:45:00,9839.13,9844.0,9838.23,9842.44,16.728977
2020-02-11 01:46:00,9842.26,9847.38,9841.71,9847.37,15.594445
2020-02-11 01:47:00,9847.37,9848.24,9844.58,9845.5,11.597907
2020-02-11 01:48:00,9845.5,9847.71,9845.0,9846.0,8.461661
2020-02-11 01:49:00,9846.0,9848.0,9845.0,9845.0,16.185161
2020-02-11 01:50:00,9845.0,9847.95,9843.0,9847.88,16.379714
2020-02-11 01:51:00,9847.88,9848.64,9846.07,9848.12,11.169733
2020-02-11 01:52:00,9848.1,9848.97,9845.57,9845.58,12.905342
2020-02-11 01:53:00,9845.58,9848.99,9845.58,9847.12,7.858912
2020-02-11 01:54:00,9847.09,9851.0,9845.61,9850.21,16.84586
2020-02-11 01:55:00,9850.16,9851.55,9848.85,9850.8,19.845091
2020-02-11 01:56:00,9850.82,9853.77,9850.8,9852.56,11.38708
2020-02-11 01:57:00,9852.56,9852.91,9843.48,9845.0,17.418017
2020-02-11 01:58:00,9845.0,9845.99,9843.51,9844.99,7.979417
2020-02-11 01:59:00,9844.99,9846.42,9841.3,9846.42,12.127776
2020-02-11 02:00:00,9844.99,9849.89,9842.44,9845.01,22.007498
2020-02-11 02:01:00,9844.85,9848.95,9843.29,9846.23,6.968719
2020-02-11 02:02:00,9846.25,9848.6,9843.02,9845.0,21.63683
2020-02-11 02:03:00,9845.23,9849.41,9843.21,9845.3,21.635282
2020-02-11 02:04:00,9845.46,9849.96,9845.0,9849.68,19.247219
2020-02-11 02:05:00,9849.13,9854.99,9849.1,9851.85,30.662574
2020-02-11 02:06:00,9851.85,9859.0,9851.85,9858.39,30.244513
2020-02-11 02:07:00,9858.13,9859.97,9853.48,9853.48,18.907707
2020-02-11 02:08:00,9853.73,9858.89,9853.03,9857.17,9.507786
2020-02-11 02:09:00,9857.04,9860.0,9856.64,9858.38,19.570387
2020-02-11 02:10:00,9858.38,9858.83,9856.9,9858.22,10.1182
2020-02-11 02:11:00,9858.31,9860.0,9858.22,9860.0,92.959781
2020-02-11 02:12:00,9860.0,9860.0,9853.71,9854.97,33.049668
2020-02-11 02:13:00,9853.72,9859.98,9853.71,9857.82,11.228578
2020-02-11 02:14:00,9857.82,9860.0,9857.36,9859.73,30.13731
2020-02-11 02:15:00,9858.79,9860.0,9858.67,9859.11,17.014783
2020-02-11 02:16:00,9859.11,9859.11,9853.13,9853.2,10.063364
2020-02-11 02:17:00,9853.46,9853.91,9838.25,9846.99,40.211389
2020-02-11 02:18:00,9846.99,9846.99,9830.25,9839.56,23.3002
2020-02-11 02:19:00,9840.59,9842.95,9834.03,9839.37,16.900604
2020-02-11 02:20:00,9838.48,9846.52,9833.37,9843.13,24.602863
2020-02-11 02:21:00,9843.13,9845.56,9839.31,9843.44,14.638941
2020-02-11 02:22:00,9843.54,9845.41,9836.24,9838.28,12.633521
2020-02-11 02:23:00,9838.68,9846.52,9836.12,9845.72,12.27608
2020-02-11 02:24:00,9845.92,9848.0,9841.02,9842.15,14.178367
2020-02-11 02:25:00,9841.43,9849.08,9840.73,9846.06,11.652531
2020-02-11 02:26:00,9846.06,9848.69,9844.45,9848.0,17.050745
2020-02-11 02:27:00,9848.01,9849.14,9844.83,9845.29,9.376194
2020-02-11 02:28:00,9845.27,9852.97,9841.24,9841.35,17.02787
2020-02-11 02:29:00,9843.33,9843.33,9835.79,9841.29,17.760151
2020-02-11 02:30:00,9841.48,9844.89,9839.04,9841.52,12.20955
2020-02-11 02:31:00,9841.1,9846.92,9840.54,9842.52,20.327751
2020-02-11 02:32:00,9842.13,9842.65,9837.71,9839.83,11.470803
2020-02-11 02:33:00,9839.82,9840.64,9837.82,9838.11,11.333986
2020-02-11 02:34:00,9838.0,9838.36,9835.0,9835.01,40.56577
2020-02-11 02:35:00,9835.01,9835.01,9830.0,9830.82,15.394237
2020-02-11 02:36:00,9830.82,9831.61,9825.67,9825.74,14.388909
2020-02-11 02:37:00,9825.74,9830.51,9825.01,9826.88,16.01258
2020-02-11 02:38:00,9827.45,9830.0,9825.08,9829.7,24.732941
2020-02-11 02:39:00,9829.7,9836.84,9827.0,9832.55,27.54975
2020-02-11 02:40:00,9832.92,9838.07,9830.71,9835.33,17.299184
2020-02-11 02:41:00,9835.67,9837.55,9830.73,9832.39,12.594941
2020-02-11 02:42:00,9832.32,9832.47,9826.0,9829.41,11.255608
2020-02-11 02:43:00,9829.41,9830.97,9826.26,9826.96,16.77839
2020-02-11 02:44:00,9828.32,9831.0,9826.0,9830.55,27.329506
2020-02-11 02:45:00,9829.26,9830.62,9826.01,9829.27,12.258991
2020-02-11 02:46:00,9829.27,9833.28,9828.07,9831.1,24.025721
2020-02-11 02:47:00,9831.1,9832.76,9827.28,9829.77,20.373645
2020-02-11 02:48:00,9829.56,9829.81,9826.09,9829.66,9.476668
2020-02-11 02:49:00,9829.43,9831.48,9827.5,9828.99,13.336254
2020-02-11 02:50:00,9828.99,9828.99,9823.46,9824.84,20.272977
2020-02-11 02:51:00,9824.73,9829.0,9822.23,9827.05,18.636596
2020-02-11 02:52:00,9826.78,9827.58,9824.0,9825.06,10.802571
2020-02-11 02:53:00,9825.12,9826.2,9820.0,9820.0,19.1461
2020-02-11 02:54:00,9820.16,9824.45,9816.33,9822.48,32.862085
2020-02-11 02:55:00,9823.5,9834.01,9822.0,9834.01,28.325483
2020-02-11 02:56:00,9833.25,9835.0,9831.02,9834.36,22.200033
2020-02-11 02:57:00,9834.4,9840.0,9834.31,9836.6,15.291688
2020-02-11 02:58:00,9836.6,9840.0,9835.29,9840.0,22.725546
2020-02-11 02:59:00,9840.0,9842.26,9839.68,9842.26,5.753688
2020-02-11 03:00:00,9842.25,9842.83,9836.84,9837.97,24.21236
2020-02-11 03:01:00,9837.94,9839.96,9831.9,9837.38,9.442974
2020-02-11 03:02:00,9836.57,9844.05,9836.57,9843.32,7.379266
2020-02-11 03:03:00,9843.04,9844.06,9838.68,9842.42,7.695648
2020-02-11 03:04:00,9842.31,9844.05,9840.64,9840.81,11.641207
2020-02-11 03:05:00,9840.81,9844.01,9840.26,9843.19,10.89046
2020-02-11 03:06:00,9843.19,9845.0,9843.05,9844.71,11.005956
2020-02-11 03:07:00,9844.85,9844.89,9838.3,9838.62,11.472544
2020-02-11 03:08:00,9838.62,9841.87,9835.05,9840.16,31.768433
2020-02-11 03:09:00,9840.26,9842.89,9838.18,9842.88,9.462515
2020-02-11 03:10:00,9842.88,9844.89,9835.33,9841.04,29.542432
2020-02-11 03:11:00,9841.04,9848.8,9841.01,9846.43,49.196363
2020-02-11 03:12:00,9846.44,9849.71,9843.0,9844.0,5.469492
2020-02-11 03:13:00,9844.27,9845.24,9840.0,9840.12,7.730248
2020-02-11 03:14:00,9840.19,9845.07,9840.0,9841.17,12.528528
2020-02-11 03:15:00,9841.12,9842.0,9832.06,9834.13,17.158909
2020-02-11 03:16:00,9833.09,9836.86,9831.41,9835.3,13.958382
2020-02-11 03:17:00,9835.31,9840.75,9834.15,9839.85,11.690028
2020-02-11 03:18:00,9839.61,9839.61,9833.0,9833.7,9.926099
2020-02-11 03:19:00,9833.65,9840.74,9833.05,9837.37,10.512494
2020-02-11 03:20:00,9837.82,9840.75,9837.1,9840.37,6.088763
2020-02-11 03:21:00,9840.29,9840.75,9838.36,9840.74,15.242777
2020-02-11 03:22:00,9840.75,9842.0,9834.64,9836.83,8.36984
2020-02-11 03:23:00,9837.61,9842.89,9837.0,9839.13,14.212801
2020-02-11 03:24:00,9839.01,9839.01,9833.0,9833.0,7.728937
2020-02-11 03:25:00,9833.0,9834.38,9829.95,9833.72,19.797518
2020-02-11 03:26:00,9832.87,9833.2,9827.0,9827.0,10.434618
2020-02-11 03:27:00,9827.0,9829.91,9825.1,9826.24,22.607096
2020-02-11 03:28:00,9826.0,9830.58,9825.68,9827.01,13.405512
2020-02-11 03:29:00,9826.62,9828.04,9820.0,9823.43,26.988278
2020-02-11 03:30:00,9824.56,9834.19,9821.0,9830.0,17.580596
2020-02-11 03:31:00,9829.74,9833.92,9824.18,9827.8,17.741195
2020-02-11 03:32:00,9827.39,9828.7,9820.0,9820.64,19.787748
2020-02-11 03:33:00,9820.4,9825.7,9820.0,9822.64,25.053092
2020-02-11 03:34:00,9822.38,9830.76,9822.33,9822.33,18.106127
2020-02-11 03:35:00,9822.15,9822.19,9803.9,9808.17,93.547894
2020-02-11 03:36:00,9809.55,9814.26,9805.01,9807.93,28.915696
2020-02-11 03:37:00,9810.28,9810.28,9800.1,9807.67,29.374915
2020-02-11 03:38:00,9807.76,9810.54,9806.69,9809.65,14.05125
2020-02-11 03:39:00,9809.57,9810.22,9805.0,9806.28,11.075955
2020-02-11 03:40:00,9805.0,9808.11,9800.02,9802.0,17.053909
2020-02-11 03:41:00,9803.29,9820.24,9802.88,9818.13,19.332633
2020-02-11 03:42:00,9818.12,9826.86,9818.11,9825.53,11.287757
2020-02-11 03:43:00,9825.13,9833.24,9825.09,9827.96,24.608185
2020-02-11 03:44:00,9827.64,9847.0,9824.71,9844.04,51.679576
2020-02-11 03:45:00,9842.7,9845.39,9837.98,9838.0,20.167511
2020-02-11 03:46:00,9838.09,9842.8,9837.47,9842.0,19.840683
2020-02-11 03:47:00,9842.0,9842.2,9832.01,9833.7,17.242228
2020-02-11 03:48:00,9833.25,9843.0,9830.09,9840.58,19.499132
2020-02-11 03:49:00,9840.98,9844.01,9837.91,9842.66,9.873805
2020-02-11 03:50:00,9842.67,9842.79,9835.54,9839.72,35.012588
2020-02-11 03:51:00,9839.73,9839.73,9831.18,9831.19,8.124213
2020-02-11 03:52:00,9832.09,9838.32,9828.54,9836.83,28.215589
2020-02-11 03:53:00,9836.89,9840.46,9830.0,9830.92,11.804679
2020-02-11 03:54:00,9830.0,9831.16,9827.39,9828.54,10.150523
2020-02-11 03:55:00,9828.51,9831.62,9828.08,9830.3,8.219997
2020-02-11 03:56:00,9830.26,9840.66,9828.47,9831.16,16.507579
2020-02-11 03:57:00,9831.18,9838.03,9831.04,9836.99,23.833188
2020-02-11 03:58:00,9836.23,9837.71,9826.78,9837.54,33.820322
2020-02-11 03:59:00,9836.2,9837.71,9827.51,9829.56,16.155357
2020-02-11 04:00:00,9831.67,9846.0,9829.86,9840.02,34.856666
2020-02-11 04:01:00,9840.04,9845.99,9840.01,9841.82,11.641134
2020-02-11 04:02:00,9842.97,9855.26,9841.24,9845.61,23.617715
2020-02-11 04:03:00,9845.93,9847.64,9845.07,9846.88,8.349774
2020-02-11 04:04:00,9846.14,9853.88,9845.48,9851.87,19.961223
2020-02-11 04:05:00,9852.87,9859.0,9850.33,9852.22,25.20187
2020-02-11 04:06:00,9851.42,9853.78,9844.13,9848.35,24.892735
2020-02-11 04:07:00,9848.39,9848.4,9842.05,9844.73,19.444191
2020-02-11 04:08:00,9844.74,9854.75,9844.73,9850.86,15.605486
2020-02-11 04:09:00,9850.89,9854.14,9849.86,9850.91,10.100785
2020-02-11 04:10:00,9851.75,9852.63,9847.15,9849.47,13.210869
2020-02-11 04:11:00,9848.56,9849.39,9840.62,9842.59,17.887359
2020-02-11 04:12:00,9842.64,9844.32,9838.46,9842.34,16.985648
2020-02-11 04:13:00,9842.27,9845.16,9840.03,9842.6,12.646889
2020-02-11 04:14:00,9842.71,9843.51,9838.0,9839.17,11.395562
2020-02-11 04:15:00,9838.57,9839.28,9835.44,9836.2,39.536221
2020-02-11 04:16:00,9836.18,9837.01,9827.46,9829.17,16.20126
2020-02-11 04:17:00,9828.75,9832.44,9828.75,9829.9,9.20724
2020-02-11 04:18:00,9829.85,9843.98,9828.98,9842.08,26.403646
2020-02-11 04:19:00,9842.56,9844.78,9840.0,9840.0,14.33716
2020-02-11 04:20:00,9841.32,9841.66,9840.0,9840.45,9.061176
2020-02-11 04:21:00,9840.45,9848.74,9840.0,9848.06,10.156262
2020-02-11 04:22:00,9848.02,9857.27,9847.08,9851.51,16.672533
2020-02-11 04:23:00,9851.51,9860.0,9851.48,9857.25,47.124974
2020-02-11 04:24:00,9856.87,9859.0,9852.9,9853.63,18.833142
2020-02-11 04:25:00,9854.12,9857.88,9853.79,9856.65,25.091139
2020-02-11 04:26:00,9856.65,9856.66,9855.0,9855.77,13.713018
2020-02-11 04:27:00,9855.85,9856.19,9851.8,9853.73,112.138973
2020-02-11 04:28:00,9853.72,9853.72,9845.48,9846.62,20.418681
2020-02-11 04:29:00,9846.61,9847.76,9842.26,9845.0,12.077178
2020-02-11 04:30:00,9845.0,9849.66,9840.29,9848.54,13.129069
2020-02-11 04:31:00,9848.46,9857.0,9846.67,9856.99,16.865577
2020-02-11 04:32:00,9856.99,9857.0,9856.35,9856.35,16.654712
2020-02-11 04:33:00,9856.35,9860.0,9856.35,9859.98,30.625175
2020-02-11 04:34:00,9859.99,9860.0,9859.77,9860.0,29.511178
2020-02-11 04:35:00,9859.99,9860.0,9847.06,9852.08,24.778758
2020-02-11 04:36:00,9852.08,9857.73,9851.12,9856.44,9.472989
2020-02-11 04:37:00,9856.43,9857.66,9848.66,9854.02,35.125054
2020-02-11 04:38:00,9852.56,9853.57,9848.62,9850.61,10.185469
2020-02-11 04:39:00,9850.61,9870.0,9850.61,9869.83,143.227703
2020-02-11 04:40:00,9869.2,9870.0,9864.82,9869.98,29.305759
2020-02-11 04:41:00,9869.98,9878.0,9864.89,9873.95,57.10649
2020-02-11 04:42:00,9873.82,9878.05,9868.38,9874.95,15.337947
2020-02-11 04:43:00,9874.13,9874.95,9868.21,9871.84,21.467937
2020-02-11 04:44:00,9871.87,9871.99,9864.98,9867.06,24.91342
2020-02-11 04:45:00,9866.02,9867.55,9861.65,9864.45,12.616045
2020-02-11 04:46:00,9864.72,9867.33,9851.65,9853.7,21.777148
2020-02-11 04:47:00,9854.65,9870.0,9851.0,9869.82,42.411983
2020-02-11 04:48:00,9869.82,9871.19,9862.69,9871.13,28.202894
2020-02-11 04:49:00,9869.32,9871.29,9868.57,9870.03,13.233545
2020-02-11 04:50:00,9871.1,9871.1,9866.94,9866.94,22.38143
2020-02-11 04:51:00,9867.44,9870.0,9866.94,9868.4,18.297422
2020-02-11 04:52:00,9868.32,9869.55,9863.2,9866.1,17.414572
2020-02-11 04:53:00,9866.12,9867.6,9860.93,9861.62,16.346819
2020-02-11 04:54:00,9861.62,9862.71,9857.64,9858.28,15.920991
2020-02-11 04:55:00,9857.65,9860.44,9855.22,9856.74,8.785412
2020-02-11 04:56:00,9856.71,9857.06,9853.62,9854.63,12.387727
2020-02-11 04:57:00,9854.62,9855.78,9854.51,9854.55,10.020767
2020-02-11 04:58:00,9854.88,9854.96,9849.78,9850.91,18.86086
2020-02-11 04:59:00,9850.29,9855.0,9850.0,9852.43,18.515314
2020-02-11 05:00:00,9852.08,9854.74,9850.76,9852.78,11.961118
2020-02-11 05:01:00,9853.33,9859.54,9852.87,9855.51,17.717945
2020-02-11 05:02:00,9855.51,9856.85,9853.55,9855.55,6.681953
2020-02-11 05:03:00,9855.55,9855.55,9850.0,9851.42,14.502773
2020-02-11 05:04:00,9851.42,9851.42,9849.61,9850.36,16.430718
2020-02-11 05:05:00,9850.37,9854.64,9848.37,9854.31,18.833842
2020-02-11 05:06:00,9853.6,9855.93,9850.38,9852.02,14.376496
2020-02-11 05:07:00,9852.32,9855.98,9848.72,9855.02,13.623917
2020-02-11 05:08:00,9855.32,9856.65,9853.65,9856.51,10.312209
2020-02-11 05:09:00,9856.37,9857.23,9853.18,9853.87,9.51062
2020-02-11 05:10:00,9854.41,9854.41,9850.52,9850.53,10.28453
2020-02-11 05:11:00,9850.99,9852.07,9846.0,9847.0,10.266322
2020-02-11 05:12:00,9847.0,9848.81,9845.47,9846.3,11.053264
2020-02-11 05:13:00,9847.1,9851.41,9846.04,9847.45,9.62948
2020-02-11 05:14:00,9847.43,9853.09,9847.24,9848.78,8.398645
2020-02-11 05:15:00,9849.24,9854.6,9846.7,9852.3,16.154351
2020-02-11 05:16:00,9852.36,9853.94,9850.0,9850.0,11.824166
2020-02-11 05:17:00,9850.16,9854.89,9850.0,9852.0,22.063585
2020-02-11 05:18:00,9852.38,9854.26,9850.0,9850.74,14.813275
2020-02-11 05:19:00,9850.78,9851.96,9849.59,9849.82,11.470949
2020-02-11 05:20:00,9849.82,9851.84,9848.49,9850.91,13.013079
2020-02-11 05:21:00,9850.73,9852.54,9850.0,9852.3,7.527765
2020-02-11 05:22:00,9852.3,9865.65,9852.29,9864.3,38.167072
2020-02-11 05:23:00,9864.32,9869.27,9857.44,9860.64,14.560662
2020-02-11 05:24:00,9860.65,9863.07,9856.18,9856.6,12.528759
2020-02-11 05:25:00,9855.82,9856.96,9851.0,9854.74,9.301161
2020-02-11 05:26:00,9856.84,9857.21,9850.0,9850.09,14.052148
2020-02-11 05:27:00,9850.07,9851.38,9850.0,9850.13,12.947184
2020-02-11 05:28:00,9850.13,9851.37,9850.0,9850.72,5.330502
2020-02-11 05:29:00,9850.72,9854.05,9850.0,9853.75,10.894132
2020-02-11 05:30:00,9852.58,9856.8,9852.05,9855.03,5.719854
2020-02-11 05:31:00,9855.34,9856.9,9852.53,9855.0,10.542145
2020-02-11 05:32:00,9855.0,9866.79,9854.93,9866.77,21.510986
2020-02-11 05:33:00,9866.77,9870.0,9863.1,9868.11,21.426487
2020-02-11 05:34:00,9869.01,9869.95,9861.05,9866.02,17.078873
2020-02-11 05:35:00,9865.42,9870.94,9862.18,9869.17,10.998168
2020-02-11 05:36:00,9869.43,9869.91,9863.89,9866.19,16.475648
2020-02-11 05:37:00,9866.24,9869.64,9865.09,9865.21,9.742331
2020-02-11 05:38:00,9865.97,9868.89,9865.56,9867.44,12.814516
2020-02-11 05:39:00,9867.56,9871.26,9867.44,9869.75,8.417027
2020-02-11 05:40:00,9870.11,9871.98,9869.37,9871.47,15.054927
2020-02-11 05:41:00,9871.73,9872.45,9870.53,9872.0,23.58147
2020-02-11 05:42:00,9871.82,9872.5,9870.2,9872.0,30.347165
2020-02-11 05:43:00,9872.0,9872.0,9869.06,9871.48,7.039661
2020-02-11 05:44:00,9871.58,9872.5,9870.68,9870.68,8.11208
2020-02-11 05:45:00,9870.68,9870.69,9862.8,9864.51,16.698458
2020-02-11 05:46:00,9863.37,9864.53,9860.7,9862.76,7.88021
2020-02-11 05:47:00,9862.74,9868.26,9862.74,9866.93,12.717428
2020-02-11 05:48:00,9866.11,9867.0,9863.86,9864.31,7.226178
2020-02-11 05:49:00,9863.86,9864.23,9858.19,9859.89,17.817716
2020-02-11 05:50:00,9859.49,9862.13,9858.59,9859.31,10.525818
2020-02-11 05:51:00,9859.27,9861.97,9855.56,9858.78,15.181952
2020-02-11 05:52:00,9857.54,9859.29,9856.12,9856.24,11.659933
2020-02-11 05:53:00,9857.34,9859.79,9856.46,9858.79,5.785177
2020-02-11 05:54:00,9857.16,9858.92,9856.35,9856.78,20.051654
2020-02-11 05:55:00,9858.35,9859.0,9856.62,9858.97,10.909216
2020-02-11 05:56:00,9858.96,9859.0,9855.29,9855.29,12.925227
2020-02-11 05:57:00,9855.86,9864.69,9849.81,9862.91,30.167699
2020-02-11 05:58:00,9862.93,9874.11,9861.84,9874.11,20.96156
2020-02-11 05:59:00,9872.9,9875.0,9869.38,9869.6,31.722717
2020-02-11 06:00:00,9870.41,9870.41,9861.48,9862.7,14.081775
2020-02-11 06:01:00,9862.81,9864.29,9861.17,9862.48,14.879439
2020-02-11 06:02:00,9862.44,9863.15,9860.61,9861.43,8.15313
2020-02-11 06:03:00,9861.41,9862.1,9858.78,9860.53,10.514653
2020-02-11 06:04:00,9859.97,9861.09,9858.76,9859.46,7.815484
2020-02-11 06:05:00,9859.4,9859.4,9848.14,9849.43,35.294827
2020-02-11 06:06:00,9848.14,9849.39,9840.58,9844.57,23.45495
2020-02-11 06:07:00,9844.85,9848.65,9842.82,9847.0,8.461282
2020-02-11 06:08:00,9847.0,9848.57,9846.27,9848.42,17.577451
2020-02-11 06:09:00,9848.42,9854.99,9846.96,9853.67,36.42454
2020-02-11 06:10:00,9853.67,9857.66,9853.03,9856.08,16.912883
2020-02-11 06:11:00,9855.95,9857.53,9853.64,9856.84,9.431758
2020-02-11 06:12:00,9855.28,9857.0,9854.78,9856.54,7.559078
2020-02-11 06:13:00,9855.52,9856.97,9855.16,9856.32,15.252529
2020-02-11 06:14:00,9855.63,9857.0,9855.17,9855.39,8.160585
2020-02-11 06:15:00,9855.39,9857.0,9848.19,9849.74,9.129232
2020-02-11 06:16:00,9849.05,9849.96,9844.55,9845.93,5.888211
2020-02-11 06:17:00,9845.87,9845.89,9841.84,9842.0,14.508508
2020-02-11 06:18:00,9842.0,9842.0,9840.58,9841.14,8.156822
2020-02-11 06:19:00,9840.85,9841.97,9840.58,9840.59,7.036895
2020-02-11 06:20:00,9840.58,9847.85,9840.5,9847.18,23.670655
2020-02-11 06:21:00,9846.61,9849.99,9842.25,9846.61,15.775747
2020-02-11 06:22:00,9846.59,9848.53,9841.64,9846.49,17.952538
2020-02-11 06:23:00,9845.96,9846.44,9841.37,9843.63,9.870505
2020-02-11 06:24:00,9844.88,9845.67,9841.0,9842.92,16.80346
2020-02-11 06:25:00,9843.95,9844.46,9840.0,9840.02,24.853421
2020-02-11 06:26:00,9840.02,9841.55,9825.28,9831.26,138.892646
2020-02-11 06:27:00,9831.36,9834.02,9829.37,9832.83,14.177228
2020-02-11 06:28:00,9833.54,9834.89,9832.84,9833.99,6.536816
2020-02-11 06:29:00,9833.3,9834.92,9830.31,9830.56,9.36233
2020-02-11 06:30:00,9830.55,9832.92,9830.04,9830.04,7.998671
2020-02-11 06:31:00,9830.14,9831.73,9828.0,9828.55,7.586008
2020-02-11 06:32:00,9828.03,9829.39,9826.0,9826.72,8.465854
2020-02-11 06:33:00,9827.35,9830.47,9826.0,9830.0,10.499351
2020-02-11 06:34:00,9830.0,9831.26,9828.79,9830.28,8.365533
2020-02-11 06:35:00,9830.87,9831.99,9830.0,9830.0,22.668825
2020-02-11 06:36:00,9830.81,9832.0,9827.0,9828.76,16.732425
2020-02-11 06:37:00,9828.71,9828.9,9822.02,9823.92,10.45356
2020-02-11 06:38:00,9822.62,9824.03,9820.0,9821.09,13.425413
2020-02-11 06:39:00,9820.51,9822.18,9820.0,9820.52,15.105538
2020-02-11 06:40:00,9820.49,9822.19,9820.0,9820.04,27.579841
2020-02-11 06:41:00,9820.02,9822.4,9818.7,9822.4,200.311354
2020-02-11 06:42:00,9820.84,9822.04,9818.03,9819.63,18.297474
2020-02-11 06:43:00,9819.58,9820.0,9813.0,9818.43,32.245326
2020-02-11 06:44:00,9818.39,9820.0,9816.94,9819.8,11.394083
2020-02-11 06:45:00,9818.7,9839.65,9818.7,9839.41,39.456086
2020-02-11 06:46:00,9839.41,9848.9,9837.82,9843.38,32.021129
2020-02-11 06:47:00,9844.0,9845.96,9836.58,9837.9,13.172283
2020-02-11 06:48:00,9838.05,9846.03,9837.24,9844.02,12.02792
2020-02-11 06:49:00,9844.99,9848.87,9841.2,9845.7,15.045475
2020-02-11 06:50:00,9845.17,9848.0,9842.33,9846.67,13.931167
2020-02-11 06:51:00,9846.16,9849.86,9843.46,9849.77,20.376825
2020-02-11 06:52:00,9849.76,9849.86,9846.13,9849.32,20.338172
2020-02-11 06:53:00,9849.27,9849.86,9841.52,9844.39,19.537991
2020-02-11 06:54:00,9843.07,9845.52,9840.98,9844.24,10.652341
2020-02-11 06:55:00,9843.93,9846.44,9843.92,9845.83,8.693245
2020-02-11 06:56:00,9845.85,9849.39,9845.0,9847.07,7.635318
2020-02-11 06:57:00,9847.09,9847.59,9844.83,9844.83,10.456931
2020-02-11 06:58:00,9844.83,9846.77,9842.64,9844.37,8.038852
2020-02-11 06:59:00,9843.05,9844.3,9840.03,9842.83,13.791569
2020-02-11 07:00:00,9841.8,9845.0,9841.8,9843.86,9.561732
2020-02-11 07:01:00,9843.86,9859.7,9843.86,9858.26,80.989911
2020-02-11 07:02:00,9858.26,9863.04,9856.4,9863.04,8.335984
2020-02-11 07:03:00,9863.04,9864.78,9856.96,9860.0,13.402687
2020-02-11 07:04:00,9860.0,9861.48,9859.91,9860.85,8.682037
2020-02-11 07:05:00,9860.21,9865.0,9858.92,9864.02,25.976735
2020-02-11 07:06:00,9864.02,9867.0,9860.04,9861.65,15.410225
2020-02-11 07:07:00,9861.17,9867.42,9861.0,9866.56,10.521496
2020-02-11 07:08:00,9865.72,9871.0,9865.0,9866.33,16.709041
2020-02-11 07:09:00,9866.67,9868.46,9865.8,9868.46,6.566995
2020-02-11 07:10:00,9868.45,9868.47,9862.35,9866.38,13.255402
2020-02-11 07:11:00,9866.38,9867.99,9856.71,9858.43,18.620792
2020-02-11 07:12:00,9858.43,9858.51,9856.3,9858.36,8.578752
2020-02-11 07:13:00,9858.37,9858.51,9857.46,9857.91,5.528358
2020-02-11 07:14:00,9858.0,9858.0,9855.0,9856.88,11.651466
2020-02-11 07:15:00,9856.88,9865.71,9855.89,9864.27,20.537997
2020-02-11 07:16:00,9864.99,9875.0,9864.4,9874.99,15.515361
2020-02-11 07:17:00,9874.99,9880.95,9865.93,9867.57,148.316752
2020-02-11 07:18:00,9866.44,9872.82,9865.82,9871.0,12.687119
2020-02-11 07:19:00,9871.0,9879.17,9871.0,9876.97,13.26592
2020-02-11 07:20:00,9876.96,9880.0,9875.58,9879.81,10.598141
2020-02-11 07:21:00,9879.0,9879.81,9868.03,9868.03,21.847338
2020-02-11 07:22:00,9869.04,9869.04,9858.09,9859.43,27.107392
2020-02-11 07:23:00,9858.11,9861.3,9857.89,9857.92,24.938181
2020-02-11 07:24:00,9858.55,9863.9,9854.77,9861.35,18.630055
2020-02-11 07:25:00,9862.32,9870.0,9859.96,9868.21,16.062892
2020-02-11 07:26:00,9869.03,9876.43,9866.75,9876.19,25.976594
2020-02-11 07:27:00,9876.0,9876.96,9869.84,9871.32,6.379399
2020-02-11 07:28:00,9871.32,9873.59,9869.65,9872.47,8.480104
2020-02-11 07:29:00,9873.0,9874.67,9862.76,9865.0,12.233125
2020-02-11 07:30:00,9865.0,9869.54,9864.37,9867.63,7.190729
2020-02-11 07:31:00,9867.64,9869.5,9867.62,9869.04,10.162566
2020-02-11 07:32:00,9868.68,9875.0,9868.68,9874.02,8.553552
2020-02-11 07:33:00,9874.02,9874.02,9867.67,9870.85,20.361635
2020-02-11 07:34:00,9870.8,9879.09,9869.02,9878.12,15.979402
2020-02-11 07:35:00,9878.11,9878.89,9874.13,9875.58,10.783638
2020-02-11 07:36:00,9875.79,9879.99,9875.6,9879.97,7.512623
2020-02-11 07:37:00,9879.97,9880.0,9878.89,9880.0,5.087542
2020-02-11 07:38:00,9880.0,9880.0,9873.59,9873.99,16.423757
2020-02-11 07:39:00,9874.5,9877.25,9865.0,9866.53,25.15306
2020-02-11 07:40:00,9866.53,9885.97,9865.46,9882.09,52.436521
2020-02-11 07:41:00,9882.08,9890.0,9876.64,9876.76,31.042276
2020-02-11 07:42:00,9876.76,9884.15,9876.76,9876.97,9.455699
2020-02-11 07:43:00,9878.63,9894.56,9869.11,9873.51,33.036408
2020-02-11 07:44:00,9872.84,9883.29,9872.09,9879.7,11.092094
2020-02-11 07:45:00,9880.98,9888.03,9880.82,9883.04,13.462515
2020-02-11 07:46:00,9883.04,9883.31,9878.14,9879.44,15.305947
2020-02-11 07:47:00,9879.0,9879.0,9871.66,9872.23,13.056043
2020-02-11 07:48:00,9872.25,9886.86,9872.25,9886.5,13.414806
2020-02-11 07:49:00,9886.51,9886.87,9875.48,9877.45,12.687911
2020-02-11 07:50:00,9877.42,9886.87,9876.14,9885.85,8.656016
2020-02-11 07:51:00,9885.85,9887.42,9878.37,9878.38,15.60619
2020-02-11 07:52:00,9878.38,9879.22,9872.75,9873.01,10.304177
2020-02-11 07:53:00,9873.0,9876.07,9868.99,9870.61,6.709619
2020-02-11 07:54:00,9869.04,9874.31,9866.84,9871.11,10.862284
2020-02-11 07:55:00,9870.55,9871.1,9866.57,9867.16,8.430894
2020-02-11 07:56:00,9868.47,9868.47,9863.6,9864.35,11.024699
2020-02-11 07:57:00,9864.35,9869.83,9862.01,9864.23,19.510716
2020-02-11 07:58:00,9864.09,9865.37,9859.7,9860.85,9.226001
2020-02-11 07:59:00,9860.87,9861.85,9850.0,9851.83,26.055579
2020-02-11 08:00:00,9851.74,9860.38,9848.61,9855.91,48.490694
2020-02-11 08:01:00,9855.96,9862.18,9855.6,9860.71,18.382858
2020-02-11 08:02:00,9860.66,9860.66,9850.29,9850.94,16.828118
2020-02-11 08:03:00,9850.29,9850.94,9835.0,9836.34,59.137199
2020-02-11 08:04:00,9837.59,9837.59,9828.57,9832.35,37.671465
2020-02-11 08:05:00,9832.62,9839.98,9818.83,9833.38,53.620569
2020-02-11 08:06:00,9833.39,9835.83,9828.14,9833.66,14.004874
2020-02-11 08:07:00,9834.76,9847.08,9834.44,9841.48,18.56817
2020-02-11 08:08:00,9840.59,9842.7,9837.43,9839.98,10.445553
2020-02-11 08:09:00,9839.79,9842.49,9835.0,9835.03,20.077775
2020-02-11 08:10:00,9835.01,9835.4,9833.34,9834.78,12.482769
2020-02-11 08:11:00,9834.78,9835.82,9833.39,9834.64,6.563543
2020-02-11 08:12:00,9834.65,9846.62,9834.34,9844.23,26.87163
2020-02-11 08:13:00,9844.23,9845.0,9840.0,9844.73,15.479611
2020-02-11 08:14:00,9844.72,9845.0,9840.63,9840.63,8.171861
2020-02-11 08:15:00,9842.01,9842.01,9828.94,9838.55,29.857473
2020-02-11 08:16:00,9838.57,9838.91,9827.0,9828.4,16.026687
2020-02-11 08:17:00,9827.02,9832.17,9825.26,9825.87,21.880583
2020-02-11 08:18:00,9826.63,9830.84,9822.0,9825.61,31.114548
2020-02-11 08:19:00,9825.0,9828.16,9820.05,9820.36,21.732513
2020-02-11 08:20:00,9820.36,9824.01,9810.37,9813.69,77.494567
2020-02-11 08:21:00,9813.69,9815.99,9805.0,9805.0,74.218834
2020-02-11 08:22:00,9805.0,9813.62,9788.19,9801.0,161.819225
2020-02-11 08:23:00,9800.91,9814.27,9796.05,9812.64,39.881671
2020-02-11 08:24:00,9813.42,9813.5,9800.0,9811.67,48.235392
2020-02-11 08:25:00,9812.85,9813.18,9800.0,9805.1,25.696914
2020-02-11 08:26:00,9804.71,9813.61,9801.43,9811.57,45.163083
2020-02-11 08:27:00,9810.85,9810.89,9807.22,9810.23,11.898813
2020-02-11 08:28:00,9810.41,9810.5,9805.2,9805.27,9.730376
2020-02-11 08:29:00,9805.77,9806.94,9799.33,9800.25,28.222134
2020-02-11 08:30:00,9800.22,9800.86,9783.0,9783.45,136.898133
2020-02-11 08:31:00,9783.46,9788.72,9780.5,9782.58,73.622553
2020-02-11 08:32:00,9782.61,9790.81,9771.86,9781.18,132.975251
2020-02-11 08:33:00,9783.88,9791.17,9773.62,9784.36,37.07182
2020-02-11 08:34:00,9784.36,9795.42,9783.76,9794.68,25.658554
2020-02-11 08:35:00,9795.05,9795.05,9778.0,9782.71,46.735001
2020-02-11 08:36:00,9783.0,9791.19,9779.73,9789.5,21.943209
2020-02-11 08:37:00,9791.0,9805.34,9789.22,9805.34,47.152632
2020-02-11 08:38:00,9805.34,9812.48,9803.55,9811.17,43.521707
2020-02-11 08:39:00,9810.92,9823.99,9810.0,9820.54,29.648472
2020-02-11 08:40:00,9820.61,9821.17,9805.54,9809.86,25.866762
2020-02-11 08:41:00,9809.86,9819.99,9806.59,9811.99,16.344418
2020-02-11 08:42:00,9811.6,9821.37,9811.55,9815.93,14.07375
2020-02-11 08:43:00,9815.94,9821.05,9810.0,9810.06,16.343822
2020-02-11 08:44:00,9810.0,9814.1,9805.09,9806.88,17.904924
2020-02-11 08:45:00,9806.88,9806.88,9801.93,9801.93,9.6807
2020-02-11 08:46:00,9802.63,9810.0,9798.91,9808.07,32.224513
2020-02-11 08:47:00,9808.07,9826.3,9806.72,9815.67,31.233099
2020-02-11 08:48:00,9815.65,9830.0,9815.15,9822.18,30.025117
2020-02-11 08:49:00,9820.59,9824.14,9818.1,9818.11,17.778442
2020-02-11 08:50:00,9818.11,9818.98,9809.01,9815.36,21.67841
2020-02-11 08:51:00,9815.4,9816.39,9802.79,9809.7,29.464513
2020-02-11 08:52:00,9810.09,9810.09,9802.21,9803.92,18.975794
2020-02-11 08:53:00,9805.04,9805.36,9784.63,9795.25,61.944042
2020-02-11 08:54:00,9794.31,9796.4,9788.74,9793.3,14.413737
2020-02-11 08:55:00,9793.64,9793.64,9781.77,9790.46,20.216499
2020-02-11 08:56:00,9789.87,9789.87,9780.0,9786.14,32.007957
2020-02-11 08:57:00,9786.24,9788.25,9777.66,9786.67,34.047611
2020-02-11 08:58:00,9784.79,9788.5,9777.15,9783.97,33.909772
2020-02-11 08:59:00,9784.01,9784.64,9772.0,9779.69,35.227107
2020-02-11 09:00:00,9779.13,9803.84,9773.17,9799.84,81.832462
2020-02-11 09:01:00,9799.84,9799.84,9781.1,9781.27,75.48599
2020-02-11 09:02:00,9781.1,9784.02,9766.0,9766.01,83.354846
2020-02-11 09:03:00,9766.01,9778.15,9766.01,9774.81,34.84843
2020-02-11 09:04:00,9774.41,9782.99,9769.7,9773.79,22.254562
2020-02-11 09:05:00,9774.07,9782.92,9767.16,9777.01,31.196807
2020-02-11 09:06:00,9777.0,9787.62,9774.84,9776.93,40.671157
2020-02-11 09:07:00,9776.93,9792.68,9776.93,9790.13,55.899293
2020-02-11 09:08:00,9789.65,9789.82,9780.07,9785.96,23.652444
2020-02-11 09:09:00,9786.52,9788.3,9784.56,9785.82,16.193422
2020-02-11 09:10:00,9785.82,9787.79,9780.0,9781.28,23.413253
2020-02-11 09:11:00,9782.16,9782.17,9770.0,9773.47,51.361461
2020-02-11 09:12:00,9772.66,9774.94,9765.9,9768.69,48.107246
2020-02-11 09:13:00,9768.69,9769.22,9760.0,9760.31,60.896983
2020-02-11 09:14:00,9760.31,9769.66,9757.27,9761.71,61.161769
2020-02-11 09:15:00,9761.17,9767.05,9759.5,9765.58,41.597176
2020-02-11 09:16:00,9765.79,9767.03,9757.96,9758.94,20.544587
2020-02-11 09:17:00,9758.92,9759.67,9725.0,9744.37,434.232773
2020-02-11 09:18:00,9744.42,9749.66,9730.0,9732.6,104.500181
2020-02-11 09:19:00,9733.18,9741.37,9700.0,9723.81,406.312337
2020-02-11 09:20:00,9725.45,9739.62,9722.79,9738.12,104.022483
2020-02-11 09:21:00,9737.14,9746.2,9734.44,9745.86,112.34086
2020-02-11 09:22:00,9744.69,9749.91,9735.39,9735.39,40.916479
2020-02-11 09:23:00,9736.26,9748.92,9733.6,9748.09,53.678255
2020-02-11 09:24:00,9748.55,9761.0,9748.06,9757.31,131.868706
2020-02-11 09:25:00,9757.24,9757.27,9748.88,9750.21,18.528464
2020-02-11 09:26:00,9750.51,9772.49,9748.93,9771.31,38.17795
2020-02-11 09:27:00,9771.27,9782.7,9763.18,9780.65,39.268094
2020-02-11 09:28:00,9780.45,9782.67,9774.14,9776.86,27.672828
2020-02-11 09:29:00,9776.96,9785.47,9775.71,9784.72,15.21856
2020-02-11 09:30:00,9784.72,9784.89,9777.46,9778.21,23.203557
2020-02-11 09:31:00,9778.06,9778.06,9772.05,9774.6,13.129153
2020-02-11 09:32:00,9774.6,9774.6,9762.43,9769.47,14.180074
2020-02-11 09:33:00,9769.47,9777.0,9769.47,9776.99,23.167606
2020-02-11 09:34:00,9777.0,9785.0,9775.1,9775.44,40.088558
2020-02-11 09:35:00,9774.8,9783.87,9770.92,9782.3,33.108315
2020-02-11 09:36:00,9783.86,9795.0,9782.68,9791.09,42.087228
2020-02-11 09:37:00,9792.08,9795.91,9784.34,9788.92,16.985292
2020-02-11 09:38:00,9788.92,9788.92,9771.45,9773.83,35.709295
2020-02-11 09:39:00,9773.21,9774.8,9770.0,9773.69,22.474645
2020-02-11 09:40:00,9773.69,9800.0,9770.06,9790.69,134.425413
2020-02-11 09:41:00,9790.95,9795.02,9789.0,9794.57,26.656587
2020-02-11 09:42:00,9794.68,9796.61,9788.9,9791.08,19.105434
2020-02-11 09:43:00,9789.73,9795.29,9789.32,9793.38,53.321802
2020-02-11 09:44:00,9793.37,9795.94,9793.37,9795.93,20.873853
2020-02-11 09:45:00,9795.94,9796.61,9785.25,9791.49,54.048649
2020-02-11 09:46:00,9790.21,9791.52,9785.0,9785.25,17.871826
2020-02-11 09:47:00,9785.21,9790.41,9785.21,9788.0,13.72559
2020-02-11 09:48:00,9787.73,9792.95,9787.27,9790.99,11.897678
2020-02-11 09:49:00,9791.0,9796.0,9789.38,9795.99,16.615965
2020-02-11 09:50:00,9794.95,9795.99,9790.03,9795.51,10.798816
2020-02-11 09:51:00,9795.83,9797.41,9795.82,9796.87,7.463257
2020-02-11 09:52:00,9796.9,9797.4,9787.85,9788.27,51.26124
2020-02-11 09:53:00,9788.23,9797.42,9788.05,9794.87,18.418821
2020-02-11 09:54:00,9794.88,9798.0,9793.66,9797.85,12.086592
2020-02-11 09:55:00,9797.99,9800.0,9796.44,9800.0,20.053144
2020-02-11 09:56:00,9799.98,9811.5,9799.3,9811.05,58.378737
2020-02-11 09:57:00,9811.05,9821.26,9811.0,9820.0,45.15781
2020-02-11 09:58:00,9820.0,9821.0,9808.4,9811.11,27.149482
2020-02-11 09:59:00,9811.21,9817.85,9803.77,9814.07,30.09511
2020-02-11 10:00:00,9812.51,9821.0,9812.51,9818.48,14.016419
2020-02-11 10:01:00,9817.65,9818.26,9804.29,9809.12,23.548891
2020-02-11 10:02:00,9809.22,9812.0,9806.0,9806.63,10.193134
2020-02-11 10:03:00,9806.78,9806.82,9798.66,9800.08,18.315185
2020-02-11 10:04:00,9799.52,9800.44,9791.24,9797.29,20.813944
2020-02-11 10:05:00,9797.6,9806.33,9796.28,9800.16,19.369283
2020-02-11 10:06:00,9800.16,9800.78,9791.57,9799.86,23.213729
2020-02-11 10:07:00,9799.88,9805.95,9799.88,9805.14,21.35702
2020-02-11 10:08:00,9805.59,9805.81,9801.03,9803.91,5.958897
2020-02-11 10:09:00,9803.43,9805.0,9802.79,9804.82,8.16527
2020-02-11 10:10:00,9805.0,9805.0,9803.62,9805.0,6.717069
2020-02-11 10:11:00,9804.99,9807.75,9804.97,9806.79,7.700366
2020-02-11 10:12:00,9807.66,9807.66,9805.92,9807.04,6.621184
2020-02-11 10:13:00,9807.02,9807.49,9804.28,9805.97,11.693953
2020-02-11 10:14:00,9805.7,9807.02,9805.05,9805.9,24.800218
2020-02-11 10:15:00,9805.9,9805.9,9798.05,9798.06,19.008152
2020-02-11 10:16:00,9798.01,9798.04,9789.22,9789.39,19.238164
2020-02-11 10:17:00,9789.23,9794.52,9781.99,9788.36,21.980944
2020-02-11 10:18:00,9787.26,9788.41,9780.79,9780.79,23.991846
2020-02-11 10:19:00,9782.65,9783.01,9776.61,9779.52,23.429608
2020-02-11 10:20:00,9779.52,9779.86,9770.01,9771.63,43.174305
2020-02-11 10:21:00,9772.08,9778.88,9769.75,9778.18,29.710402
2020-02-11 10:22:00,9778.03,9778.03,9773.21,9775.5,14.795115
2020-02-11 10:23:00,9775.39,9779.24,9775.39,9778.69,10.588765
2020-02-11 10:24:00,9778.68,9784.91,9776.86,9784.57,24.322685
2020-02-11 10:25:00,9784.79,9787.28,9783.1,9784.56,9.78036
2020-02-11 10:26:00,9784.5,9789.53,9784.46,9789.49,11.412056
2020-02-11 10:27:00,9789.05,9791.3,9778.82,9785.39,50.188488
2020-02-11 10:28:00,9785.76,9787.45,9783.57,9784.61,13.17594
2020-02-11 10:29:00,9784.6,9787.13,9784.01,9786.0,8.025338
2020-02-11 10:30:00,9786.0,9786.55,9780.0,9780.59,13.215002
2020-02-11 10:31:00,9780.97,9782.29,9778.43,9778.48,29.387554
2020-02-11 10:32:00,9778.48,9783.84,9778.02,9778.81,30.925765
2020-02-11 10:33:00,9778.87,9782.61,9778.16,9779.42,11.52474
2020-02-11 10:34:00,9779.42,9781.0,9779.42,9780.03,9.463993
2020-02-11 10:35:00,9780.01,9781.0,9780.0,9780.13,12.890339
2020-02-11 10:36:00,9780.12,9780.55,9777.99,9777.99,21.120234
2020-02-11 10:37:00,9777.99,9778.01,9777.63,9778.01,12.965707
2020-02-11 10:38:00,9777.83,9777.92,9772.05,9776.46,15.034638
2020-02-11 10:39:00,9777.15,9779.97,9776.0,9776.03,14.682552
2020-02-11 10:40:00,9776.0,9776.19,9776.0,9776.16,11.199488
2020-02-11 10:41:00,9776.15,9776.17,9757.1,9767.52,139.794614
2020-02-11 10:42:00,9767.52,9767.54,9760.59,9761.98,10.622328
2020-02-11 10:43:00,9761.98,9767.41,9757.22,9765.17,38.462896
2020-02-11 10:44:00,9765.17,9769.98,9761.32,9764.39,45.019106
2020-02-11 10:45:00,9764.41,9780.0,9764.28,9774.31,21.419899
2020-02-11 10:46:00,9775.02,9776.04,9771.85,9773.86,9.941372
2020-02-11 10:47:00,9773.48,9774.55,9772.09,9774.52,18.78255
2020-02-11 10:48:00,9774.54,9779.57,9774.52,9779.02,16.312524
2020-02-11 10:49:00,9778.98,9779.06,9771.69,9773.13,25.962498
2020-02-11 10:50:00,9773.2,9774.93,9772.59,9774.73,8.56501
2020-02-11 10:51:00,9774.73,9775.0,9773.04,9773.78,15.319349
2020-02-11 10:52:00,9773.78,9774.97,9765.44,9767.26,21.711184
2020-02-11 10:53:00,9767.21,9767.4,9764.44,9765.1,6.951011
2020-02-11 10:54:00,9765.07,9771.85,9761.99,9768.88,10.944109
2020-02-11 10:55:00,9768.8,9768.8,9756.15,9761.48,13.581701
2020-02-11 10:56:00,9761.47,9761.47,9750.0,9751.63,30.282747
2020-02-11 10:57:00,9751.6,9757.34,9751.51,9753.76,73.678531
2020-02-11 10:58:00,9753.36,9754.88,9752.25,9752.48,15.045784
2020-02-11 10:59:00,9752.58,9759.93,9752.29,9759.76,10.697207
2020-02-11 11:00:00,9759.76,9759.77,9750.03,9756.39,30.516565
2020-02-11 11:01:00,9756.42,9756.42,9752.8,9754.63,10.072568
2020-02-11 11:02:00,9754.11,9755.78,9745.37,9749.47,39.257638
2020-02-11 11:03:00,9749.87,9753.27,9748.39,9748.87,13.45409
2020-02-11 11:04:00,9749.48,9749.73,9746.62,9749.71,17.783194
2020-02-11 11:05:00,9749.71,9749.74,9743.01,9745.82,18.374828
2020-02-11 11:06:00,9745.84,9747.1,9743.94,9745.8,9.277335
2020-02-11 11:07:00,9745.8,9747.52,9733.09,9739.62,68.42865
2020-02-11 11:08:00,9739.32,9740.22,9734.61,9734.61,13.995311
2020-02-11 11:09:00,9735.18,9744.89,9734.45,9743.14,42.3947
2020-02-11 11:10:00,9744.99,9755.0,9743.77,9752.96,29.981124
2020-02-11 11:11:00,9752.76,9752.76,9739.86,9739.86,21.056264
2020-02-11 11:12:00,9739.78,9749.98,9739.78,9742.94,12.746128
2020-02-11 11:13:00,9743.84,9744.01,9739.9,9743.38,17.43551
2020-02-11 11:14:00,9743.53,9765.64,9742.48,9765.64,61.681026
2020-02-11 11:15:00,9765.64,9769.86,9760.24,9766.62,18.664316
2020-02-11 11:16:00,9767.18,9775.0,9766.62,9772.58,16.286039
2020-02-11 11:17:00,9772.51,9772.51,9755.58,9756.98,38.192853
2020-02-11 11:18:00,9756.98,9759.95,9747.33,9752.58,28.87365
2020-02-11 11:19:00,9752.42,9752.53,9744.42,9749.52,16.957508
2020-02-11 11:20:00,9749.8,9751.88,9731.85,9751.88,72.551299
2020-02-11 11:21:00,9751.88,9756.46,9741.53,9753.91,36.722802
2020-02-11 11:22:00,9754.05,9760.0,9751.71,9757.05,33.819671
2020-02-11 11:23:00,9754.28,9757.25,9747.29,9756.62,18.995163
2020-02-11 11:24:00,9756.58,9756.83,9749.17,9753.93,9.580504
2020-02-11 11:25:00,9754.03,9759.79,9753.25,9758.69,17.836383
2020-02-11 11:26:00,9758.0,9759.18,9753.51,9755.87,7.203223
2020-02-11 11:27:00,9755.33,9757.79,9751.21,9751.59,13.92947
2020-02-11 11:28:00,9751.58,9757.54,9751.58,9756.36,15.058544
2020-02-11 11:29:00,9756.33,9760.22,9753.75,9759.47,13.603144
2020-02-11 11:30:00,9759.45,9764.92,9759.45,9764.77,10.816022
2020-02-11 11:31:00,9764.24,9766.74,9763.4,9765.23,17.788928
2020-02-11 11:32:00,9765.65,9766.8,9757.25,9759.4,14.196159
2020-02-11 11:33:00,9758.48,9759.72,9755.36,9756.54,8.292481
2020-02-11 11:34:00,9756.57,9756.63,9753.83,9754.78,7.762245
2020-02-11 11:35:00,9754.94,9760.0,9754.94,9755.3,7.925845
2020-02-11 11:36:00,9755.91,9755.97,9745.0,9745.89,13.143796
2020-02-11 11:37:00,9745.59,9755.0,9744.5,9753.47,20.193211
2020-02-11 11:38:00,9753.54,9754.37,9747.02,9747.07,14.783174
2020-02-11 11:39:00,9747.02,9749.46,9739.98,9742.33,24.244513
2020-02-11 11:40:00,9741.48,9746.52,9734.55,9741.0,28.622193
2020-02-11 11:41:00,9741.0,9747.2,9735.6,9747.19,29.358394
2020-02-11 11:42:00,9747.16,9750.7,9741.82,9746.83,19.575492
2020-02-11 11:43:00,9746.71,9746.74,9735.12,9738.53,40.696036
2020-02-11 11:44:00,9740.53,9740.54,9733.91,9735.02,14.008573
2020-02-11 11:45:00,9734.56,9745.17,9733.91,9744.9,21.457656
2020-02-11 11:46:00,9744.4,9744.85,9736.83,9736.92,13.317683
2020-02-11 11:47:00,9736.93,9739.94,9735.14,9735.74,15.114064
2020-02-11 11:48:00,9735.88,9736.31,9731.84,9735.13,21.998362
2020-02-11 11:49:00,9735.13,9743.19,9733.0,9735.69,32.857489
2020-02-11 11:50:00,9734.93,9735.82,9724.66,9729.49,85.467208
2020-02-11 11:51:00,9729.49,9733.93,9725.0,9726.36,37.555492
2020-02-11 11:52:00,9726.29,9726.66,9722.24,9726.6,21.335884
2020-02-11 11:53:00,9726.59,9730.0,9722.32,9727.91,17.114544
2020-02-11 11:54:00,9727.81,9735.27,9726.31,9734.95,18.163178
2020-02-11 11:55:00,9734.97,9744.41,9730.86,9733.86,26.327176
2020-02-11 11:56:00,9734.55,9743.15,9730.19,9738.77,21.442526
2020-02-11 11:57:00,9738.33,9744.47,9737.16,9739.13,44.478526
2020-02-11 11:58:00,9739.19,9744.08,9733.0,9735.0,23.782814
2020-02-11 11:59:00,9735.0,9736.67,9731.6,9733.39,17.109206
2020-02-11 12:00:00,9733.43,9733.55,9723.0,9725.0,32.238621
2020-02-11 12:01:00,9724.98,9731.75,9721.42,9722.57,52.443348
2020-02-11 12:02:00,9722.6,9731.54,9722.09,9723.47,21.70592
2020-02-11 12:03:00,9722.24,9731.28,9720.0,9727.33,68.000779
2020-02-11 12:04:00,9727.15,9732.0,9721.99,9723.83,22.712367
2020-02-11 12:05:00,9723.9,9725.04,9715.0,9722.73,154.226354
2020-02-11 12:06:00,9722.25,9728.93,9715.08,9728.74,59.357092
2020-02-11 12:07:00,9728.11,9738.21,9728.11,9733.23,40.830127
2020-02-11 12:08:00,9733.46,9746.39,9733.05,9744.74,48.311363
2020-02-11 12:09:00,9743.95,9745.59,9738.15,9739.98,32.04064
2020-02-11 12:10:00,9740.1,9750.0,9739.85,9745.14,29.274057
2020-02-11 12:11:00,9744.97,9758.6,9744.71,9752.24,30.369518
2020-02-11 12:12:00,9752.24,9756.97,9745.43,9746.5,23.74218
2020-02-11 12:13:00,9746.44,9758.29,9746.43,9756.62,12.407727
2020-02-11 12:14:00,9755.56,9761.63,9754.25,9756.61,11.191986
2020-02-11 12:15:00,9756.62,9759.98,9750.04,9757.84,25.377257
2020-02-11 12:16:00,9758.18,9758.18,9744.28,9750.12,64.352311
2020-02-11 12:17:00,9750.67,9752.43,9742.86,9744.27,43.971526
2020-02-11 12:18:00,9744.29,9752.43,9742.82,9746.91,47.327413
2020-02-11 12:19:00,9746.9,9750.33,9745.7,9749.27,12.383025
2020-02-11 12:20:00,9749.26,9752.27,9744.06,9747.91,21.950067
2020-02-11 12:21:00,9748.1,9755.76,9744.18,9746.38,35.699643
2020-02-11 12:22:00,9746.38,9748.47,9738.47,9739.84,20.807119
2020-02-11 12:23:00,9739.83,9741.17,9737.18,9740.01,20.28493
2020-02-11 12:24:00,9740.01,9742.54,9740.0,9741.86,10.531504
2020-02-11 12:25:00,9741.96,9754.67,9741.82,9753.58,29.498818
2020-02-11 12:26:00,9753.6,9754.29,9749.91,9751.11,8.182415
2020-02-11 12:27:00,9751.12,9751.89,9750.86,9750.86,9.470303
2020-02-11 12:28:00,9750.86,9760.93,9748.93,9755.85,25.160845
2020-02-11 12:29:00,9755.25,9757.16,9751.1,9753.68,16.534016
2020-02-11 12:30:00,9753.34,9755.94,9752.64,9754.73,9.5101
2020-02-11 12:31:00,9754.66,9755.17,9753.53,9755.06,6.666911
2020-02-11 12:32:00,9754.51,9755.0,9750.02,9752.86,11.918023
2020-02-11 12:33:00,9753.23,9756.04,9752.71,9755.14,17.686255
2020-02-11 12:34:00,9754.75,9754.77,9750.02,9750.09,9.351728
2020-02-11 12:35:00,9751.61,9753.08,9746.91,9747.48,17.036769
2020-02-11 12:36:00,9747.77,9747.77,9742.49,9742.49,9.205966
2020-02-11 12:37:00,9743.61,9743.92,9738.06,9740.01,12.998602
2020-02-11 12:38:00,9740.25,9741.36,9739.98,9740.48,8.844623
2020-02-11 12:39:00,9740.52,9740.68,9733.69,9736.9,29.973477
2020-02-11 12:40:00,9735.35,9736.38,9730.2,9730.24,16.966333
2020-02-11 12:41:00,9730.31,9736.38,9729.33,9733.05,18.573126
2020-02-11 12:42:00,9734.0,9734.0,9726.78,9728.22,18.612332
2020-02-11 12:43:00,9728.22,9728.26,9722.62,9725.33,11.102434
2020-02-11 12:44:00,9725.26,9726.84,9722.38,9723.99,19.335586
2020-02-11 12:45:00,9723.99,9732.96,9722.51,9732.18,33.174733
2020-02-11 12:46:00,9732.29,9732.29,9724.77,9731.95,19.174496
2020-02-11 12:47:00,9731.94,9731.99,9726.88,9728.2,8.556481
2020-02-11 12:48:00,9727.54,9732.96,9727.54,9732.96,12.214681
2020-02-11 12:49:00,9732.96,9732.96,9730.6,9730.62,21.199921
2020-02-11 12:50:00,9730.64,9731.9,9727.49,9728.01,9.96033
2020-02-11 12:51:00,9728.18,9728.18,9725.51,9725.52,11.837702
2020-02-11 12:52:00,9725.66,9725.66,9723.19,9723.42,12.022753
2020-02-11 12:53:00,9723.47,9737.21,9722.64,9734.46,67.261598
2020-02-11 12:54:00,9734.46,9740.87,9734.08,9739.73,12.253717
2020-02-11 12:55:00,9738.94,9744.32,9737.7,9739.43,11.01767
2020-02-11 12:56:00,9739.58,9743.66,9730.57,9736.66,31.134785
2020-02-11 12:57:00,9737.43,9739.56,9734.46,9737.48,4.025634
2020-02-11 12:58:00,9737.49,9748.53,9735.24,9746.76,17.185399
2020-02-11 12:59:00,9747.45,9749.84,9743.54,9749.12,9.989482
2020-02-11 13:00:00,9749.11,9751.47,9747.23,9749.62,17.051794
2020-02-11 13:01:00,9749.91,9755.0,9749.91,9753.71,11.947492
2020-02-11 13:02:00,9753.71,9757.0,9753.71,9757.0,16.769626
2020-02-11 13:03:00,9757.0,9760.0,9756.99,9758.94,31.641199
2020-02-11 13:04:00,9758.94,9760.0,9758.86,9760.0,7.528641
2020-02-11 13:05:00,9760.0,9760.0,9751.24,9754.88,23.073122
2020-02-11 13:06:00,9754.34,9755.21,9750.87,9753.7,10.393661
2020-02-11 13:07:00,9753.69,9755.16,9752.43,9753.21,14.412323
2020-02-11 13:08:00,9753.02,9764.23,9750.76,9764.23,23.129253
2020-02-11 13:09:00,9764.64,9767.0,9754.23,9759.93,18.480385
2020-02-11 13:10:00,9759.16,9768.8,9757.23,9765.87,15.239327
2020-02-11 13:11:00,9765.86,9768.7,9762.63,9763.59,12.353045
2020-02-11 13:12:00,9764.78,9764.99,9763.02,9763.03,8.499374
2020-02-11 13:13:00,9763.23,9763.74,9754.25,9759.99,16.914498
2020-02-11 13:14:00,9759.99,9761.82,9756.03,9757.04,11.541165
2020-02-11 13:15:00,9757.07,9762.57,9754.42,9758.56,17.564102
2020-02-11 13:16:00,9758.58,9763.02,9758.58,9762.98,19.335798
2020-02-11 13:17:00,9762.0,9763.02,9758.32,9759.03,15.563107
2020-02-11 13:18:00,9759.33,9771.98,9758.31,9764.34,27.073864
2020-02-11 13:19:00,9764.34,9769.99,9762.7,9769.99,17.868605
2020-02-11 13:20:00,9769.87,9771.55,9762.62,9764.45,14.491182
2020-02-11 13:21:00,9764.89,9766.72,9762.93,9764.1,15.64301
2020-02-11 13:22:00,9764.1,9766.74,9764.1,9765.7,16.397925
2020-02-11 13:23:00,9764.66,9766.65,9763.17,9763.19,13.75781
2020-02-11 13:24:00,9763.51,9764.01,9757.95,9759.66,20.674512
2020-02-11 13:25:00,9759.64,9759.64,9756.61,9757.43,9.472295
2020-02-11 13:26:00,9758.38,9759.75,9757.44,9759.75,62.369517
2020-02-11 13:27:00,9759.75,9766.25,9759.74,9765.92,39.842326
2020-02-11 13:28:00,9764.96,9776.19,9764.59,9776.18,29.955276
2020-02-11 13:29:00,9775.81,9780.0,9774.76,9779.68,17.71203
2020-02-11 13:30:00,9779.34,9784.39,9777.48,9780.39,20.727727
2020-02-11 13:31:00,9781.97,9784.93,9772.79,9774.63,24.709678
2020-02-11 13:32:00,9774.21,9778.52,9771.17,9775.6,21.583109
2020-02-11 13:33:00,9775.6,9780.0,9773.62,9776.8,28.857189
2020-02-11 13:34:00,9776.24,9780.98,9774.05,9777.71,25.470305
2020-02-11 13:35:00,9777.72,9778.67,9775.0,9776.35,16.309855
2020-02-11 13:36:00,9775.41,9776.35,9769.46,9771.37,18.376638
2020-02-11 13:37:00,9770.99,9774.38,9770.71,9771.21,9.128155
2020-02-11 13:38:00,9771.41,9772.18,9767.0,9768.9,21.037531
2020-02-11 13:39:00,9768.87,9771.19,9765.2,9766.22,14.380806
2020-02-11 13:40:00,9765.44,9767.64,9761.2,9761.26,11.489025
2020-02-11 13:41:00,9762.13,9766.5,9761.21,9764.84,14.897392
2020-02-11 13:42:00,9764.83,9769.03,9762.21,9766.31,13.649027
2020-02-11 13:43:00,9766.31,9768.68,9763.33,9768.68,11.847494
2020-02-11 13:44:00,9768.84,9771.94,9767.25,9770.64,9.056812
2020-02-11 13:45:00,9770.66,9771.48,9763.23,9764.81,10.525507
2020-02-11 13:46:00,9764.8,9767.48,9763.06,9765.05,10.206876
2020-02-11 13:47:00,9764.68,9766.18,9761.96,9763.39,6.900908
2020-02-11 13:48:00,9763.39,9763.39,9752.17,9754.04,20.906779
2020-02-11 13:49:00,9754.02,9760.0,9751.26,9754.55,18.133655
2020-02-11 13:50:00,9754.55,9756.07,9748.43,9752.18,22.248516
2020-02-11 13:51:00,9752.18,9754.13,9749.31,9753.35,10.308667
2020-02-11 13:52:00,9752.76,9753.98,9745.08,9746.28,13.376274
2020-02-11 13:53:00,9746.35,9750.49,9742.6,9749.43,14.0169
2020-02-11 13:54:00,9749.49,9750.57,9742.49,9746.5,41.336811
2020-02-11 13:55:00,9747.34,9752.05,9746.58,9749.6,33.122146
2020-02-11 13:56:00,9750.36,9750.4,9746.59,9749.2,23.755885
2020-02-11 13:57:00,9749.2,9767.97,9747.36,9767.84,35.134355
2020-02-11 13:58:00,9767.2,9767.48,9750.6,9753.57,31.859934
2020-02-11 13:59:00,9753.61,9757.82,9753.2,9754.01,31.112517
2020-02-11 14:00:00,9754.0,9763.84,9754.0,9762.7,28.99812
2020-02-11 14:01:00,9762.71,9765.93,9759.94,9761.8,19.723587
2020-02-11 14:02:00,9761.79,9765.12,9756.71,9758.6,17.113177
2020-02-11 14:03:00,9758.59,9758.59,9746.99,9746.99,13.080985
2020-02-11 14:04:00,9747.15,9749.75,9743.43,9746.28,13.951137
2020-02-11 14:05:00,9746.07,9747.47,9742.53,9743.63,13.173405
2020-02-11 14:06:00,9743.64,9743.64,9738.84,9741.37,11.592406
2020-02-11 14:07:00,9741.35,9747.98,9741.33,9747.47,16.311217
2020-02-11 14:08:00,9745.96,9748.2,9745.38,9747.52,16.309866
2020-02-11 14:09:00,9747.54,9749.55,9746.54,9747.95,4.852639
2020-02-11 14:10:00,9747.96,9749.35,9745.83,9748.0,8.416253
2020-02-11 14:11:00,9748.04,9749.68,9748.02,9748.13,12.014586
2020-02-11 14:12:00,9748.14,9758.88,9748.09,9757.34,15.674955
2020-02-11 14:13:00,9757.78,9759.63,9755.46,9757.4,15.240833
2020-02-11 14:14:00,9757.36,9759.81,9753.32,9753.44,14.393724
2020-02-11 14:15:00,9753.36,9758.0,9752.3,9755.57,10.94089
2020-02-11 14:16:00,9755.57,9759.88,9755.0,9758.48,14.293199
2020-02-11 14:17:00,9757.92,9758.47,9748.15,9749.74,18.331943
2020-02-11 14:18:00,9748.16,9749.56,9745.0,9746.0,20.007412
2020-02-11 14:19:00,9746.01,9746.85,9740.49,9743.1,17.234666
2020-02-11 14:20:00,9744.29,9744.75,9742.9,9742.92,6.030037
2020-02-11 14:21:00,9742.91,9743.74,9742.31,9743.74,23.906597
2020-02-11 14:22:00,9743.74,9743.74,9738.0,9738.0,37.601722
2020-02-11 14:23:00,9738.22,9740.5,9735.14,9738.44,16.899841
2020-02-11 14:24:00,9738.44,9742.8,9736.66,9742.8,15.107015
2020-02-11 14:25:00,9742.8,9747.86,9742.64,9745.86,17.927324
2020-02-11 14:26:00,9745.85,9752.08,9745.78,9750.24,15.97028
2020-02-11 14:27:00,9749.17,9750.08,9742.22,9745.62,13.138612
2020-02-11 14:28:00,9745.59,9751.93,9745.54,9750.16,12.767625
2020-02-11 14:29:00,9750.09,9751.24,9748.16,9750.41,14.000994
2020-02-11 14:30:00,9750.69,9753.2,9747.71,9749.67,16.319019
2020-02-11 14:31:00,9749.65,9761.89,9746.98,9760.22,28.662616
2020-02-11 14:32:00,9761.57,9775.0,9761.57,9775.0,22.688126
2020-02-11 14:33:00,9774.75,9777.3,9765.9,9769.92,13.827797
2020-02-11 14:34:00,9769.99,9770.0,9765.02,9766.18,14.313272
2020-02-11 14:35:00,9766.33,9772.16,9761.55,9771.87,83.078395
2020-02-11 14:36:00,9771.3,9772.85,9760.45,9760.89,26.8822
2020-02-11 14:37:00,9760.9,9767.72,9760.47,9762.05,15.780692
2020-02-11 14:38:00,9762.21,9766.96,9758.32,9763.88,17.024442
2020-02-11 14:39:00,9763.82,9766.89,9760.0,9763.78,9.678999
2020-02-11 14:40:00,9763.71,9766.78,9762.79,9764.24,9.284222
2020-02-11 14:41:00,9765.1,9768.67,9763.03,9764.97,17.394338
2020-02-11 14:42:00,9764.97,9766.25,9763.03,9765.54,14.279107
2020-02-11 14:43:00,9765.03,9767.03,9763.51,9765.1,14.573912
2020-02-11 14:44:00,9765.47,9768.89,9765.01,9768.35,5.854813
2020-02-11 14:45:00,9768.36,9768.37,9763.59,9763.59,8.648689
2020-02-11 14:46:00,9764.7,9778.0,9764.49,9778.0,16.883812
2020-02-11 14:47:00,9777.42,9785.77,9777.42,9784.02,44.376223
2020-02-11 14:48:00,9784.02,9785.78,9780.64,9780.64,38.704929
2020-02-11 14:49:00,9780.99,9781.21,9775.08,9775.18,19.666016
2020-02-11 14:50:00,9776.27,9778.41,9773.94,9776.35,13.259939
2020-02-11 14:51:00,9776.52,9781.35,9775.16,9780.11,16.046175
2020-02-11 14:52:00,9780.11,9783.19,9777.26,9783.18,13.037739
2020-02-11 14:53:00,9783.18,9783.19,9779.43,9780.5,18.532962
2020-02-11 14:54:00,9780.23,9783.05,9778.09,9780.15,13.282554
2020-02-11 14:55:00,9780.24,9782.03,9776.57,9777.15,14.587352
2020-02-11 14:56:00,9776.58,9777.7,9767.44,9768.04,16.946819
2020-02-11 14:57:00,9768.04,9771.84,9767.75,9768.01,22.172318
2020-02-11 14:58:00,9769.01,9769.11,9765.01,9765.77,21.253836
2020-02-11 14:59:00,9765.79,9767.07,9762.0,9765.38,15.035395
2020-02-11 15:00:00,9765.38,9769.61,9763.96,9768.56,17.969978
2020-02-11 15:01:00,9769.07,9776.11,9767.39,9773.65,17.697024
2020-02-11 15:02:00,9773.71,9781.73,9772.81,9777.36,13.17312
2020-02-11 15:03:00,9777.55,9779.87,9774.81,9777.27,20.901417
2020-02-11 15:04:00,9778.36,9785.0,9776.57,9784.72,18.808513
2020-02-11 15:05:00,9784.81,9787.07,9783.89,9784.93,26.967114
2020-02-11 15:06:00,9784.92,9786.76,9784.11,9784.84,15.351435
2020-02-11 15:07:00,9784.71,9785.66,9778.92,9778.92,17.373343
2020-02-11 15:08:00,9778.95,9781.46,9774.48,9776.18,16.776633
2020-02-11 15:09:00,9775.89,9776.2,9773.02,9774.16,10.667318
2020-02-11 15:10:00,9774.0,9780.47,9774.0,9780.0,11.440813
2020-02-11 15:11:00,9780.25,9785.68,9779.2,9784.44,8.959204
2020-02-11 15:12:00,9785.1,9785.15,9760.03,9766.09,49.212159
2020-02-11 15:13:00,9765.98,9767.0,9755.16,9762.76,18.443029
2020-02-11 15:14:00,9763.42,9763.88,9757.35,9758.44,9.610406
2020-02-11 15:15:00,9758.08,9764.66,9755.0,9763.39,17.19875
2020-02-11 15:16:00,9763.16,9763.95,9759.48,9763.06,13.70844
2020-02-11 15:17:00,9762.75,9763.75,9755.11,9757.15,15.543365
2020-02-11 15:18:00,9757.13,9764.63,9756.26,9760.52,9.67302
2020-02-11 15:19:00,9759.96,9761.59,9758.05,9759.13,9.799089
2020-02-11 15:20:00,9759.14,9761.11,9758.12,9758.74,9.325019
2020-02-11 15:21:00,9758.73,9762.14,9758.57,9759.68,12.82116
2020-02-11 15:22:00,9759.68,9764.02,9758.0,9763.04,8.427421
2020-02-11 15:23:00,9763.04,9765.0,9760.99,9764.83,6.537041
2020-02-11 15:24:00,9764.79,9764.79,9761.4,9763.66,11.231785
2020-02-11 15:25:00,9763.65,9764.67,9760.0,9762.29,11.633844
2020-02-11 15:26:00,9762.03,9763.12,9757.92,9757.92,12.015266
2020-02-11 15:27:00,9757.12,9757.21,9750.0,9750.0,13.531919
2020-02-11 15:28:00,9750.0,9757.19,9750.0,9756.45,20.099962
2020-02-11 15:29:00,9756.65,9756.65,9753.14,9753.58,9.621792
2020-02-11 15:30:00,9753.58,9759.54,9751.58,9751.76,14.964904
2020-02-11 15:31:00,9751.74,9760.31,9751.74,9756.96,7.687462
2020-02-11 15:32:00,9756.85,9759.01,9755.52,9756.92,8.492738
2020-02-11 15:33:00,9756.95,9759.53,9755.8,9756.22,12.167718
2020-02-11 15:34:00,9755.83,9756.91,9753.6,9754.05,9.714658
2020-02-11 15:35:00,9754.01,9757.42,9750.01,9752.39,29.916967
2020-02-11 15:36:00,9753.23,9754.03,9750.0,9750.0,25.505693
2020-02-11 15:37:00,9750.0,9750.6,9741.92,9744.99,37.295588
2020-02-11 15:38:00,9744.99,9746.29,9740.0,9741.02,20.129512
2020-02-11 15:39:00,9741.02,9741.72,9735.01,9736.44,36.413818
2020-02-11 15:40:00,9736.43,9747.05,9727.0,9745.84,67.87107
2020-02-11 15:41:00,9745.89,9747.67,9736.82,9736.87,12.297199
2020-02-11 15:42:00,9736.88,9738.6,9734.93,9735.15,16.266017
2020-02-11 15:43:00,9736.58,9750.0,9732.65,9750.0,31.002785
2020-02-11 15:44:00,9749.99,9759.65,9749.48,9758.3,25.304655
2020-02-11 15:45:00,9756.57,9757.8,9751.7,9756.55,20.387583
2020-02-11 15:46:00,9756.55,9757.0,9748.6,9748.6,13.861064
2020-02-11 15:47:00,9749.24,9752.17,9747.35,9747.95,12.970647
2020-02-11 15:48:00,9747.95,9747.95,9741.76,9743.33,11.137331
2020-02-11 15:49:00,9743.32,9746.08,9741.16,9743.89,11.475015
2020-02-11 15:50:00,9744.46,9744.51,9741.01,9742.04,8.835362
2020-02-11 15:51:00,9742.04,9744.19,9740.22,9742.44,10.162142
2020-02-11 15:52:00,9742.44,9745.56,9741.82,9743.65,14.535553
2020-02-11 15:53:00,9743.48,9744.27,9737.52,9739.07,15.725862
2020-02-11 15:54:00,9739.02,9739.02,9732.0,9737.5,24.91772
2020-02-11 15:55:00,9738.11,9745.86,9737.14,9738.06,16.708617
2020-02-11 15:56:00,9738.11,9740.96,9738.11,9738.75,9.879436
2020-02-11 15:57:00,9738.75,9738.75,9731.0,9737.19,15.434598
2020-02-11 15:58:00,9735.97,9742.52,9733.11,9734.58,15.351401
2020-02-11 15:59:00,9734.01,9743.13,9733.89,9739.94,20.960057
2020-02-11 16:00:00,9739.87,9741.04,9735.63,9736.85,22.306017
2020-02-11 16:01:00,9736.85,9738.11,9730.89,9734.49,30.720713
2020-02-11 16:02:00,9735.0,9739.29,9734.17,9737.52,21.200443
2020-02-11 16:03:00,9737.28,9750.0,9735.77,9749.31,27.368091
2020-02-11 16:04:00,9750.0,9754.99,9748.41,9753.57,25.734215
2020-02-11 16:05:00,9753.71,9756.33,9751.02,9752.76,22.465062
2020-02-11 16:06:00,9752.8,9757.28,9752.32,9756.01,22.067602
2020-02-11 16:07:00,9756.01,9756.54,9747.47,9752.64,19.242262
2020-02-11 16:08:00,9752.64,9752.66,9749.77,9750.0,9.217691
2020-02-11 16:09:00,9749.98,9751.78,9744.66,9749.68,34.278735
2020-02-11 16:10:00,9749.66,9751.1,9746.28,9749.78,18.806081
2020-02-11 16:11:00,9750.0,9750.0,9747.73,9749.27,7.529367
2020-02-11 16:12:00,9748.95,9750.0,9745.0,9748.93,14.24867
2020-02-11 16:13:00,9748.66,9749.66,9738.0,9740.74,17.022813
2020-02-11 16:14:00,9740.67,9745.06,9739.34,9743.72,15.932238
2020-02-11 16:15:00,9743.26,9746.16,9742.59,9744.02,15.401695
2020-02-11 16:16:00,9744.87,9746.45,9735.0,9746.45,23.167452
2020-02-11 16:17:00,9745.04,9749.99,9741.76,9747.09,29.022366
2020-02-11 16:18:00,9747.14,9751.14,9746.83,9749.61,26.106909
2020-02-11 16:19:00,9749.37,9752.46,9748.07,9749.03,25.395947
2020-02-11 16:20:00,9749.48,9751.8,9745.37,9747.87,17.49945
2020-02-11 16:21:00,9747.46,9750.0,9746.84,9749.08,6.947569
2020-02-11 16:22:00,9749.07,9754.67,9746.84,9746.84,32.967013
2020-02-11 16:23:00,9746.84,9747.31,9742.02,9745.69,40.317852
2020-02-11 16:24:00,9746.32,9751.16,9744.97,9749.22,12.321189
2020-02-11 16:25:00,9749.67,9750.0,9745.24,9745.86,12.733223
2020-02-11 16:26:00,9746.1,9749.83,9745.01,9748.51,23.370471
2020-02-11 16:27:00,9748.51,9753.21,9748.51,9750.89,15.753483
2020-02-11 16:28:00,9750.79,9753.76,9750.77,9750.84,15.551353
2020-02-11 16:29:00,9750.85,9754.88,9750.77,9753.92,12.716865
2020-02-11 16:30:00,9753.68,9753.98,9743.02,9743.48,18.658647
2020-02-11 16:31:00,9743.15,9749.89,9743.0,9748.34,10.30144
2020-02-11 16:32:00,9748.09,9749.2,9745.01,9745.8,8.408519
2020-02-11 16:33:00,9745.04,9746.0,9744.17,9745.73,10.290085
2020-02-11 16:34:00,9744.89,9745.99,9743.79,9744.85,16.81835
2020-02-11 16:35:00,9744.17,9749.07,9740.66,9745.99,29.451834
2020-02-11 16:36:00,9745.99,9762.53,9745.94,9760.28,42.238993
2020-02-11 16:37:00,9760.27,9763.18,9757.41,9763.18,25.743898
2020-02-11 16:38:00,9763.18,9767.89,9758.37,9767.67,44.746297
2020-02-11 16:39:00,9767.67,9768.83,9759.44,9761.23,31.515425
2020-02-11 16:40:00,9761.34,9773.0,9761.17,9768.86,20.298808
2020-02-11 16:41:00,9768.51,9772.9,9768.0,9770.54,12.554258
2020-02-11 16:42:00,9770.26,9770.78,9762.38,9767.15,17.782519
2020-02-11 16:43:00,9767.14,9770.0,9766.03,9769.25,9.396445
2020-02-11 16:44:00,9769.26,9769.27,9763.75,9766.55,21.488152
2020-02-11 16:45:00,9766.54,9770.0,9764.31,9766.57,23.50033
2020-02-11 16:46:00,9767.31,9768.1,9762.29,9763.25,24.793971
2020-02-11 16:47:00,9763.99,9763.99,9760.57,9761.19,12.940649
2020-02-11 16:48:00,9760.9,9762.09,9760.0,9760.99,10.447405
2020-02-11 16:49:00,9760.99,9762.17,9760.0,9762.17,12.931975
2020-02-11 16:50:00,9762.17,9772.0,9762.15,9771.97,251.126747
2020-02-11 16:51:00,9772.0,9772.0,9768.88,9770.93,23.089171
2020-02-11 16:52:00,9771.09,9777.0,9771.09,9776.62,63.710403
2020-02-11 16:53:00,9776.62,9782.0,9773.17,9778.83,63.749171
2020-02-11 16:54:00,9778.81,9783.0,9778.17,9783.0,20.148018
2020-02-11 16:55:00,9783.0,9785.0,9781.06,9781.52,28.728651
2020-02-11 16:56:00,9783.8,9783.8,9772.04,9780.72,22.143165
2020-02-11 16:57:00,9781.44,9784.31,9779.59,9782.6,16.316946
2020-02-11 16:58:00,9781.75,9784.31,9780.67,9784.29,40.775399
2020-02-11 16:59:00,9784.28,9789.95,9784.28,9789.88,100.923241
2020-02-11 17:00:00,9788.99,9804.18,9788.99,9804.18,90.856242
2020-02-11 17:01:00,9804.18,9805.68,9791.86,9793.82,84.027942
2020-02-11 17:02:00,9793.3,9800.0,9791.21,9799.85,26.797012
2020-02-11 17:03:00,9799.49,9800.0,9795.46,9798.45,38.647208
2020-02-11 17:04:00,9799.6,9804.99,9798.45,9803.59,69.392068
2020-02-11 17:05:00,9804.76,9805.24,9790.58,9800.72,46.066761
2020-02-11 17:06:00,9800.72,9806.36,9799.34,9803.0,33.225231
2020-02-11 17:07:00,9803.01,9803.01,9791.88,9796.87,22.682462
2020-02-11 17:08:00,9796.57,9797.13,9788.9,9789.09,33.742987
2020-02-11 17:09:00,9789.06,9793.8,9789.05,9792.4,20.776429
2020-02-11 17:10:00,9793.07,9795.85,9780.3,9784.12,55.446757
2020-02-11 17:11:00,9783.78,9788.13,9774.93,9780.0,33.906697
2020-02-11 17:12:00,9779.87,9788.02,9779.87,9787.94,32.812664
2020-02-11 17:13:00,9787.24,9787.52,9774.0,9775.36,18.491281
2020-02-11 17:14:00,9774.0,9779.0,9772.82,9774.81,25.37782
2020-02-11 17:15:00,9774.79,9777.03,9765.0,9765.79,29.399547
2020-02-11 17:16:00,9765.69,9773.94,9763.16,9770.5,15.509535
2020-02-11 17:17:00,9770.85,9780.09,9770.49,9771.69,29.077024
2020-02-11 17:18:00,9771.29,9777.31,9771.0,9771.79,17.1384
2020-02-11 17:19:00,9771.8,9780.11,9771.2,9774.81,27.593827
2020-02-11 17:20:00,9774.84,9790.04,9774.68,9780.48,83.472026
2020-02-11 17:21:00,9780.48,9783.33,9775.08,9777.42,21.296791
2020-02-11 17:22:00,9777.63,9779.12,9775.65,9776.34,13.982342
2020-02-11 17:23:00,9776.63,9779.09,9775.0,9777.92,12.929024
2020-02-11 17:24:00,9777.56,9786.67,9777.56,9786.41,15.927737
2020-02-11 17:25:00,9786.24,9788.03,9781.48,9786.77,18.16624
2020-02-11 17:26:00,9786.77,9792.22,9786.25,9791.58,12.013488
2020-02-11 17:27:00,9791.54,9796.61,9785.99,9790.99,23.330563
2020-02-11 17:28:00,9790.99,9798.47,9787.18,9794.26,26.364262
2020-02-11 17:29:00,9794.26,9799.67,9794.23,9799.58,30.639867
2020-02-11 17:30:00,9799.06,9800.0,9798.0,9799.75,25.688575
2020-02-11 17:31:00,9799.81,9800.0,9792.64,9794.94,24.309049
2020-02-11 17:32:00,9795.51,9796.36,9790.29,9790.82,32.082787
2020-02-11 17:33:00,9790.47,9791.06,9782.33,9787.49,33.633234
2020-02-11 17:34:00,9787.89,9796.73,9787.47,9794.17,18.195441
2020-02-11 17:35:00,9794.62,9795.0,9793.48,9794.82,15.924021
2020-02-11 17:36:00,9794.96,9795.0,9787.96,9794.28,27.989545
2020-02-11 17:37:00,9794.23,9794.95,9790.79,9794.59,34.033703
2020-02-11 17:38:00,9794.38,9796.81,9794.32,9796.1,19.895123
2020-02-11 17:39:00,9795.66,9796.13,9791.69,9793.88,26.468915
2020-02-11 17:40:00,9793.87,9795.0,9790.0,9790.0,38.2231
2020-02-11 17:41:00,9790.0,9793.79,9787.01,9792.32,37.994758
2020-02-11 17:42:00,9792.32,9794.03,9787.0,9788.01,27.842993
2020-02-11 17:43:00,9788.0,9788.68,9786.49,9786.5,11.825913
2020-02-11 17:44:00,9786.49,9788.33,9785.0,9787.5,19.985966
2020-02-11 17:45:00,9788.1,9788.51,9783.23,9784.72,17.405865
2020-02-11 17:46:00,9783.3,9784.86,9780.29,9781.0,19.771729
2020-02-11 17:47:00,9781.01,9782.41,9778.48,9779.14,30.302316
2020-02-11 17:48:00,9779.5,9780.0,9778.43,9778.63,15.708709
2020-02-11 17:49:00,9778.61,9782.95,9778.0,9782.86,55.905917
2020-02-11 17:50:00,9782.77,9792.73,9782.76,9790.41,43.199483
2020-02-11 17:51:00,9790.35,9791.61,9785.32,9786.54,19.744727
2020-02-11 17:52:00,9786.57,9787.85,9786.54,9787.22,16.13604
2020-02-11 17:53:00,9787.62,9788.0,9782.96,9785.1,21.134317
2020-02-11 17:54:00,9785.08,9786.46,9783.67,9786.42,11.91094
2020-02-11 17:55:00,9786.55,9790.58,9785.22,9788.15,18.279742
2020-02-11 17:56:00,9787.46,9792.48,9787.46,9790.69,18.779576
2020-02-11 17:57:00,9790.11,9790.11,9784.18,9786.46,19.803856
2020-02-11 17:58:00,9786.33,9786.46,9781.18,9781.45,13.178593
2020-02-11 17:59:00,9781.6,9784.44,9780.0,9780.35,23.62893
2020-02-11 18:00:00,9780.39,9781.38,9775.0,9775.0,26.44689
2020-02-11 18:01:00,9775.01,9775.63,9770.0,9771.76,88.683555
2020-02-11 18:02:00,9771.73,9785.72,9771.0,9780.89,27.845801
2020-02-11 18:03:00,9781.44,9786.38,9780.88,9781.45,28.076008
2020-02-11 18:04:00,9782.15,9784.12,9780.56,9781.83,11.985123
2020-02-11 18:05:00,9782.82,9785.41,9772.82,9778.27,23.724913
2020-02-11 18:06:00,9777.62,9782.92,9777.01,9780.55,11.695198
2020-02-11 18:07:00,9780.55,9782.66,9772.51,9775.95,19.151863
2020-02-11 18:08:00,9775.3,9779.95,9773.39,9778.68,24.798943
2020-02-11 18:09:00,9778.7,9779.66,9771.17,9771.17,7.375366
2020-02-11 18:10:00,9771.17,9773.08,9765.52,9769.97,87.723302
2020-02-11 18:11:00,9769.97,9769.97,9767.87,9769.54,8.32848
2020-02-11 18:12:00,9769.55,9769.58,9764.8,9764.8,14.090119
2020-02-11 18:13:00,9764.8,9765.0,9762.0,9764.21,23.283666
2020-02-11 18:14:00,9764.21,9769.97,9764.21,9767.79,25.472832
2020-02-11 18:15:00,9768.32,9769.9,9764.69,9768.44,16.208794
2020-02-11 18:16:00,9768.39,9768.72,9765.03,9766.36,7.101284
2020-02-11 18:17:00,9766.79,9768.71,9765.34,9765.43,9.912115
2020-02-11 18:18:00,9765.59,9775.46,9765.59,9774.99,15.171096
2020-02-11 18:19:00,9774.99,9779.0,9774.8,9777.29,12.523371
2020-02-11 18:20:00,9777.29,9779.0,9777.29,9778.4,7.871374
2020-02-11 18:21:00,9778.4,9779.86,9778.0,9779.21,7.557356
2020-02-11 18:22:00,9779.33,9781.14,9778.51,9780.26,7.067105
2020-02-11 18:23:00,9780.48,9781.87,9778.45,9778.46,9.045721
2020-02-11 18:24:00,9778.46,9778.73,9772.62,9774.2,12.522375
2020-02-11 18:25:00,9775.43,9779.13,9771.23,9774.02,30.439057
2020-02-11 18:26:00,9773.65,9776.4,9773.02,9775.42,11.716516
2020-02-11 18:27:00,9775.47,9779.97,9775.0,9778.33,11.479731
2020-02-11 18:28:00,9778.41,9784.36,9777.7,9783.38,33.360234
2020-02-11 18:29:00,9783.35,9786.41,9783.33,9784.51,23.909188
2020-02-11 18:30:00,9784.49,9790.0,9784.38,9787.25,22.765529
2020-02-11 18:31:00,9787.86,9790.0,9787.07,9789.2,28.495382
2020-02-11 18:32:00,9789.2,9790.0,9789.2,9789.2,21.534237
2020-02-11 18:33:00,9789.26,9790.0,9784.0,9784.66,49.135976
2020-02-11 18:34:00,9784.01,9787.47,9781.81,9784.1,21.540495
2020-02-11 18:35:00,9784.1,9788.12,9782.55,9784.76,13.054221
2020-02-11 18:36:00,9784.76,9787.9,9784.0,9785.46,17.364566
2020-02-11 18:37:00,9785.46,9787.76,9782.41,9782.88,33.165683
2020-02-11 18:38:00,9782.39,9786.28,9782.39,9784.43,14.963255
2020-02-11 18:39:00,9784.49,9786.32,9782.42,9784.61,13.635942
2020-02-11 18:40:00,9784.61,9785.86,9782.0,9785.84,11.117299
2020-02-11 18:41:00,9785.85,9786.0,9783.3,9785.75,20.468911
2020-02-11 18:42:00,9785.19,9787.1,9781.64,9786.55,15.343044
2020-02-11 18:43:00,9786.63,9786.63,9782.66,9784.39,10.870387
2020-02-11 18:44:00,9784.98,9789.59,9784.27,9787.69,15.5662
2020-02-11 18:45:00,9787.72,9788.68,9784.56,9784.9,12.40863
2020-02-11 18:46:00,9784.9,9785.4,9781.22,9783.13,28.039832
2020-02-11 18:47:00,9783.14,9788.52,9783.14,9787.49,17.792591
2020-02-11 18:48:00,9787.19,9789.98,9786.87,9788.75,19.95178
2020-02-11 18:49:00,9789.48,9794.02,9788.55,9792.84,15.587677
2020-02-11 18:50:00,9792.75,9799.0,9792.71,9795.77,41.506484
2020-02-11 18:51:00,9795.84,9805.0,9795.62,9802.49,135.203345
2020-02-11 18:52:00,9804.57,9804.92,9794.0,9796.62,89.32202
2020-02-11 18:53:00,9796.64,9800.23,9795.3,9797.13,21.589815
2020-02-11 18:54:00,9797.17,9799.26,9789.49,9789.49,18.039898
2020-02-11 18:55:00,9789.0,9795.98,9787.91,9791.05,26.923198
2020-02-11 18:56:00,9791.06,9795.8,9788.29,9793.47,32.354094
2020-02-11 18:57:00,9793.79,9794.94,9790.28,9790.28,25.677179
2020-02-11 18:58:00,9790.09,9790.6,9785.7,9787.88,19.009432
2020-02-11 18:59:00,9786.56,9788.19,9782.84,9786.87,15.939216
2020-02-11 19:00:00,9786.89,9795.65,9786.85,9791.97,22.546425
2020-02-11 19:01:00,9791.97,9796.15,9791.37,9794.47,11.853135
2020-02-11 19:02:00,9794.13,9797.05,9790.82,9797.04,20.17385
2020-02-11 19:03:00,9797.04,9798.32,9793.73,9796.5,11.3877
2020-02-11 19:04:00,9796.57,9802.0,9796.57,9801.12,19.405498
2020-02-11 19:05:00,9801.93,9802.99,9798.18,9798.66,27.935063
2020-02-11 19:06:00,9798.18,9799.78,9794.52,9797.2,28.785092
2020-02-11 19:07:00,9797.26,9798.11,9793.71,9796.36,15.268435
2020-02-11 19:08:00,9796.41,9796.41,9792.17,9793.04,14.698927
2020-02-11 19:09:00,9793.06,9796.26,9793.05,9795.33,24.696011
2020-02-11 19:10:00,9795.33,9796.23,9793.34,9795.18,17.879637
2020-02-11 19:11:00,9795.17,9799.26,9795.17,9798.62,23.539359
2020-02-11 19:12:00,9798.55,9801.01,9795.08,9795.28,48.615238
2020-02-11 19:13:00,9796.15,9800.85,9792.28,9793.63,37.131172
2020-02-11 19:14:00,9794.14,9794.65,9785.0,9786.21,30.336033
2020-02-11 19:15:00,9786.3,9790.63,9785.01,9788.46,21.778134
2020-02-11 19:16:00,9788.34,9788.66,9782.38,9782.49,41.684356
2020-02-11 19:17:00,9782.45,9784.76,9778.0,9778.02,23.911315
2020-02-11 19:18:00,9779.6,9781.0,9778.0,9779.65,26.22229
2020-02-11 19:19:00,9779.57,9780.96,9777.0,9777.05,11.145136
2020-02-11 19:20:00,9777.37,9778.95,9775.07,9776.84,11.839354
2020-02-11 19:21:00,9776.86,9781.0,9775.86,9780.93,11.430233
2020-02-11 19:22:00,9780.93,9781.0,9776.83,9779.57,32.59602
2020-02-11 19:23:00,9779.66,9784.58,9777.28,9784.52,118.414352
2020-02-11 19:24:00,9784.53,9784.53,9779.12,9781.52,17.252117
2020-02-11 19:25:00,9782.23,9788.89,9782.22,9788.84,16.238391
2020-02-11 19:26:00,9787.71,9794.99,9787.1,9792.28,13.335864
2020-02-11 19:27:00,9792.65,9792.65,9788.33,9788.89,6.958431
2020-02-11 19:28:00,9788.94,9791.36,9788.17,9791.32,13.091081
2020-02-11 19:29:00,9792.31,9793.52,9788.17,9789.21,13.230798
2020-02-11 19:30:00,9789.23,9789.23,9780.66,9782.88,9.551204
2020-02-11 19:31:00,9782.86,9783.0,9778.0,9779.69,20.341868
2020-02-11 19:32:00,9780.07,9781.73,9778.0,9779.13,11.301195
2020-02-11 19:33:00,9779.53,9785.0,9779.02,9783.98,19.338955
2020-02-11 19:34:00,9783.88,9786.82,9782.57,9782.57,12.731182
2020-02-11 19:35:00,9783.49,9787.0,9781.25,9786.65,13.166115
2020-02-11 19:36:00,9786.3,9790.98,9786.28,9790.0,12.34453
2020-02-11 19:37:00,9789.98,9792.21,9785.95,9787.3,17.870328
2020-02-11 19:38:00,9787.87,9789.78,9785.54,9786.54,9.694451
2020-02-11 19:39:00,9786.0,9788.61,9785.54,9785.58,12.016005
2020-02-11 19:40:00,9785.68,9795.46,9785.59,9795.41,24.019365
2020-02-11 19:41:00,9795.31,9802.04,9795.0,9796.08,29.318551
2020-02-11 19:42:00,9795.0,9801.2,9795.0,9800.44,15.078879
2020-02-11 19:43:00,9800.05,9801.97,9796.65,9799.7,18.14112
2020-02-11 19:44:00,9799.72,9802.04,9779.0,9791.45,125.703638
2020-02-11 19:45:00,9791.45,9796.01,9785.44,9786.42,13.052965
2020-02-11 19:46:00,9787.37,9792.7,9786.26,9789.31,27.63442
2020-02-11 19:47:00,9789.04,9792.5,9787.49,9790.2,14.689932
2020-02-11 19:48:00,9790.2,9790.95,9786.1,9786.12,33.500013
2020-02-11 19:49:00,9786.47,9789.1,9786.1,9787.0,8.882458
2020-02-11 19:50:00,9786.98,9792.35,9785.02,9790.86,16.933336
2020-02-11 19:51:00,9790.09,9798.77,9789.73,9797.21,20.881873
2020-02-11 19:52:00,9798.06,9798.78,9788.41,9795.1,30.884656
2020-02-11 19:53:00,9795.11,9800.0,9791.69,9799.67,37.828428
2020-02-11 19:54:00,9799.71,9801.0,9796.68,9798.75,21.59985
2020-02-11 19:55:00,9798.54,9801.69,9798.52,9801.68,13.29611
2020-02-11 19:56:00,9801.45,9802.02,9800.0,9800.0,15.641038
2020-02-11 19:57:00,9800.0,9802.04,9799.87,9802.03,28.696263
2020-02-11 19:58:00,9802.03,9815.0,9801.69,9806.4,72.539253
2020-02-11 19:59:00,9807.84,9812.35,9800.17,9801.04,29.436505
2020-02-11 20:00:00,9801.02,9807.37,9797.41,9804.78,53.834819
2020-02-11 20:01:00,9805.42,9805.97,9793.58,9795.15,54.200268
2020-02-11 20:02:00,9793.73,9795.15,9788.61,9791.43,40.251869
2020-02-11 20:03:00,9791.42,9794.16,9787.88,9792.33,22.861641
2020-02-11 20:04:00,9792.34,9811.72,9791.0,9808.27,49.148581
2020-02-11 20:05:00,9808.26,9815.0,9808.07,9813.77,24.325315
2020-02-11 20:06:00,9814.51,9817.42,9805.44,9811.95,40.853509
2020-02-11 20:07:00,9811.86,9814.87,9811.0,9814.08,21.053291
2020-02-11 20:08:00,9814.07,9815.0,9810.0,9811.0,32.828274
2020-02-11 20:09:00,9811.73,9814.3,9809.04,9811.1,52.630668
2020-02-11 20:10:00,9810.54,9810.98,9805.25,9806.96,21.822664
2020-02-11 20:11:00,9806.84,9810.0,9805.0,9810.0,36.818076
2020-02-11 20:12:00,9810.0,9810.0,9800.44,9809.5,56.706637
2020-02-11 20:13:00,9809.5,9811.12,9807.96,9809.3,20.472056
2020-02-11 20:14:00,9810.4,9825.0,9809.18,9823.99,147.628972
2020-02-11 20:15:00,9824.12,9825.0,9817.41,9818.71,49.376009
2020-02-11 20:16:00,9819.24,9831.0,9818.35,9828.04,138.354533
2020-02-11 20:17:00,9826.74,9838.0,9826.61,9837.43,76.677422
2020-02-11 20:18:00,9837.43,9846.0,9835.28,9837.84,118.041787
2020-02-11 20:19:00,9837.64,9844.88,9836.24,9844.88,57.644435
2020-02-11 20:20:00,9844.54,9850.88,9838.23,9840.1,110.802958
2020-02-11 20:21:00,9840.0,9841.94,9838.39,9839.27,33.898944
2020-02-11 20:22:00,9840.0,9845.0,9839.07,9843.16,29.377932
2020-02-11 20:23:00,9843.25,9852.95,9843.21,9850.52,53.403709
2020-02-11 20:24:00,9850.77,9872.3,9847.15,9864.99,325.268676
2020-02-11 20:25:00,9863.46,9866.11,9854.23,9856.05,72.258422
2020-02-11 20:26:00,9856.03,9872.34,9854.84,9870.0,30.48755
2020-02-11 20:27:00,9870.0,9871.16,9858.01,9860.0,78.070665
2020-02-11 20:28:00,9860.0,9860.0,9854.51,9854.52,43.705143
2020-02-11 20:29:00,9854.51,9861.85,9852.93,9861.85,48.959473
2020-02-11 20:30:00,9860.01,9872.36,9858.9,9862.4,70.733778
2020-02-11 20:31:00,9862.36,9871.32,9860.0,9868.86,34.72993
2020-02-11 20:32:00,9868.73,9874.0,9865.89,9872.78,86.352226
2020-02-11 20:33:00,9872.78,9877.54,9870.32,9872.38,63.415166
2020-02-11 20:34:00,9872.38,9875.04,9861.01,9864.36,73.11579
2020-02-11 20:35:00,9864.37,9872.92,9858.88,9870.39,38.062165
2020-02-11 20:36:00,9870.4,9875.01,9865.94,9871.38,99.311814
2020-02-11 20:37:00,9871.38,9873.53,9867.17,9867.17,44.982223
2020-02-11 20:38:00,9867.17,9867.51,9863.17,9863.66,40.182547
2020-02-11 20:39:00,9863.29,9867.34,9861.98,9863.18,50.601325
2020-02-11 20:40:00,9863.19,9864.04,9857.0,9857.07,39.835261
2020-02-11 20:41:00,9857.87,9857.87,9852.87,9853.44,42.655629
2020-02-11 20:42:00,9853.2,9855.88,9852.82,9855.0,30.662299
2020-02-11 20:43:00,9855.81,9857.62,9854.77,9855.62,14.575972
2020-02-11 20:44:00,9855.66,9855.78,9853.0,9853.03,27.77711
2020-02-11 20:45:00,9853.68,9853.68,9839.13,9839.45,94.503432
2020-02-11 20:46:00,9839.95,9855.99,9839.73,9854.68,51.520171
2020-02-11 20:47:00,9854.86,9861.8,9854.32,9861.79,39.846728
2020-02-11 20:48:00,9861.8,9861.8,9857.33,9858.43,31.328326
2020-02-11 20:49:00,9858.81,9861.8,9856.0,9861.79,61.288328
2020-02-11 20:50:00,9861.79,9869.43,9861.21,9869.15,83.410443
2020-02-11 20:51:00,9869.23,9870.0,9861.21,9863.76,35.205933
2020-02-11 20:52:00,9863.98,9864.88,9858.58,9862.9,24.814923
2020-02-11 20:53:00,9864.47,9864.93,9855.1,9855.3,46.622763
2020-02-11 20:54:00,9855.3,9858.61,9851.76,9851.78,39.075253
2020-02-11 20:55:00,9851.68,9855.2,9847.81,9852.32,39.279431
2020-02-11 20:56:00,9852.32,9854.14,9850.0,9850.9,21.934688
2020-02-11 20:57:00,9850.9,9852.32,9846.42,9848.0,46.112626
2020-02-11 20:58:00,9848.0,9850.87,9844.99,9849.08,46.473077
2020-02-11 20:59:00,9849.08,9849.08,9844.0,9847.74,30.808866
2020-02-11 21:00:00,9847.74,9855.99,9847.45,9854.0,66.914936
2020-02-11 21:01:00,9854.0,9856.7,9852.17,9854.71,44.920115
2020-02-11 21:02:00,9854.69,9855.0,9852.0,9855.0,26.780312
2020-02-11 21:03:00,9855.0,9859.29,9853.99,9857.71,54.260434
2020-02-11 21:04:00,9857.76,9859.9,9854.68,9858.8,25.354131
2020-02-11 21:05:00,9859.17,9866.98,9857.81,9865.86,27.720176
2020-02-11 21:06:00,9865.24,9868.17,9860.0,9860.86,53.206354
2020-02-11 21:07:00,9862.04,9865.04,9860.61,9861.36,47.589901
2020-02-11 21:08:00,9861.36,9862.25,9848.45,9848.45,61.887893
2020-02-11 21:09:00,9848.45,9849.99,9846.46,9848.67,27.375741
2020-02-11 21:10:00,9847.52,9862.24,9847.15,9856.12,35.949354
2020-02-11 21:11:00,9855.67,9855.67,9850.01,9852.76,30.082001
2020-02-11 21:12:00,9851.52,9855.0,9849.2,9855.0,44.160504
2020-02-11 21:13:00,9854.02,9865.86,9854.02,9861.8,32.729057
2020-02-11 21:14:00,9862.81,9871.39,9857.63,9871.08,34.097552
2020-02-11 21:15:00,9871.03,9872.27,9866.82,9870.91,18.604114
2020-02-11 21:16:00,9870.98,9872.27,9870.0,9870.0,59.271446
2020-02-11 21:17:00,9870.01,9870.22,9870.0,9870.04,26.628346
2020-02-11 21:18:00,9870.19,9871.0,9868.0,9868.32,28.878806
2020-02-11 21:19:00,9868.9,9869.62,9868.0,9868.0,18.799545
2020-02-11 21:20:00,9868.01,9875.0,9868.0,9873.83,29.815699
2020-02-11 21:21:00,9873.47,9877.25,9871.33,9876.01,41.225129
2020-02-11 21:22:00,9876.37,9877.21,9868.15,9874.07,73.08547
2020-02-11 21:23:00,9874.05,9876.13,9870.0,9870.79,28.085019
2020-02-11 21:24:00,9871.1,9876.0,9870.3,9870.97,40.069294
2020-02-11 21:25:00,9871.19,9871.97,9857.91,9860.93,53.075067
2020-02-11 21:26:00,9860.99,9864.54,9860.28,9862.5,14.21831
2020-02-11 21:27:00,9862.53,9871.17,9862.01,9871.12,17.057008
2020-02-11 21:28:00,9871.15,9872.83,9870.88,9872.25,11.579908
2020-02-11 21:29:00,9872.44,9874.45,9866.19,9868.44,31.463089
2020-02-11 21:30:00,9868.44,9876.23,9866.71,9874.99,29.624785
2020-02-11 21:31:00,9874.99,9875.9,9873.46,9875.0,20.856744
2020-02-11 21:32:00,9875.52,9876.25,9874.02,9876.25,15.635528
2020-02-11 21:33:00,9876.06,9877.77,9874.32,9877.03,13.031616
2020-02-11 21:34:00,9877.03,9882.0,9876.96,9881.25,55.995785
2020-02-11 21:35:00,9881.26,9885.0,9881.25,9883.48,35.814242
2020-02-11 21:36:00,9883.46,9889.0,9883.45,9888.94,50.864668
2020-02-11 21:37:00,9889.0,9908.0,9888.21,9894.07,256.538143
2020-02-11 21:38:00,9892.95,9906.6,9892.91,9903.51,73.83596
2020-02-11 21:39:00,9900.86,9903.2,9897.65,9899.66,63.548295
2020-02-11 21:40:00,9899.42,9904.76,9895.08,9903.11,53.008219
2020-02-11 21:41:00,9903.11,9905.04,9893.25,9895.51,49.213694
2020-02-11 21:42:00,9895.51,9896.0,9890.01,9890.19,42.381282
2020-02-11 21:43:00,9890.21,9891.75,9883.84,9891.75,55.232258
2020-02-11 21:44:00,9891.75,9899.25,9891.72,9897.43,35.914539
2020-02-11 21:45:00,9895.92,9899.99,9894.03,9897.0,53.522111
2020-02-11 21:46:00,9897.01,9900.0,9892.48,9893.34,29.676743
2020-02-11 21:47:00,9893.34,9895.15,9890.64,9890.64,24.01417
2020-02-11 21:48:00,9890.62,9891.66,9887.1,9888.67,30.313497
2020-02-11 21:49:00,9888.68,9888.68,9887.71,9887.84,29.508694
2020-02-11 21:50:00,9887.86,9890.59,9887.77,9888.33,19.516575
2020-02-11 21:51:00,9888.08,9888.95,9875.73,9877.42,142.308315
2020-02-11 21:52:00,9877.42,9881.74,9873.85,9873.99,53.653402
2020-02-11 21:53:00,9875.1,9877.18,9865.23,9871.68,52.347572
2020-02-11 21:54:00,9872.62,9878.16,9863.03,9876.55,61.690593
2020-02-11 21:55:00,9877.84,9883.0,9876.36,9880.0,37.268588
2020-02-11 21:56:00,9878.91,9879.94,9875.3,9877.65,16.216253
2020-02-11 21:57:00,9877.85,9877.85,9853.13,9869.4,57.422538
2020-02-11 21:58:00,9869.4,9870.87,9859.16,9869.18,40.188263
2020-02-11 21:59:00,9868.11,9871.43,9868.11,9871.43,28.332656
2020-02-11 22:00:00,9871.43,9875.61,9870.63,9871.47,48.615289
2020-02-11 22:01:00,9871.54,9875.91,9871.31,9874.99,21.296295
2020-02-11 22:02:00,9875.0,9879.98,9874.86,9878.31,29.323192
2020-02-11 22:03:00,9878.31,9884.25,9878.28,9884.25,27.016335
2020-02-11 22:04:00,9884.24,9888.88,9884.23,9887.99,35.097977
2020-02-11 22:05:00,9887.99,9889.33,9882.64,9883.67,26.75069
2020-02-11 22:06:00,9884.26,9891.51,9877.0,9884.81,71.595167
2020-02-11 22:07:00,9884.81,9887.07,9881.36,9884.37,25.492799
2020-02-11 22:08:00,9884.37,9892.1,9883.0,9890.43,22.439863
2020-02-11 22:09:00,9892.01,9892.42,9887.08,9888.05,29.637769
2020-02-11 22:10:00,9888.0,9892.67,9888.0,9890.06,17.939605
2020-02-11 22:11:00,9890.01,9893.8,9884.84,9886.54,18.594469
2020-02-11 22:12:00,9886.49,9893.83,9884.42,9892.74,20.547805
2020-02-11 22:13:00,9892.75,9899.0,9890.51,9898.27,37.334362
2020-02-11 22:14:00,9896.91,9899.0,9890.0,9892.23,113.940025
2020-02-11 22:15:00,9892.23,9893.71,9888.01,9889.58,34.893603
2020-02-11 22:16:00,9889.49,9901.5,9888.03,9894.79,78.749448
2020-02-11 22:17:00,9894.09,9899.04,9893.09,9897.75,22.847202
2020-02-11 22:18:00,9897.75,9900.2,9890.0,9900.16,65.91622
2020-02-11 22:19:00,9899.88,9901.44,9897.01,9900.28,13.800602
2020-02-11 22:20:00,9900.86,9901.44,9898.8,9900.55,21.551341
2020-02-11 22:21:00,9900.95,9900.97,9891.64,9898.04,25.223742
2020-02-11 22:22:00,9897.16,9899.97,9895.54,9897.88,20.231823
2020-02-11 22:23:00,9899.28,9900.0,9893.76,9895.44,36.014379
2020-02-11 22:24:00,9895.28,9901.5,9894.47,9896.11,77.326521
2020-02-11 22:25:00,9896.16,9898.04,9888.43,9890.88,35.59581
2020-02-11 22:26:00,9890.16,9891.15,9887.48,9888.97,18.148288
2020-02-11 22:27:00,9889.05,9890.99,9888.0,9888.0,31.642288
2020-02-11 22:28:00,9888.01,9888.02,9883.45,9884.83,24.462641
2020-02-11 22:29:00,9884.83,9885.0,9880.12,9882.05,44.405343
2020-02-11 22:30:00,9880.94,9884.96,9877.16,9882.24,47.332747
2020-02-11 22:31:00,9882.12,9884.4,9877.38,9878.65,31.850858
2020-02-11 22:32:00,9879.0,9879.97,9873.52,9873.54,26.424511
2020-02-11 22:33:00,9874.63,9877.86,9865.01,9874.65,54.050922
2020-02-11 22:34:00,9874.53,9877.41,9868.2,9868.4,29.794165
2020-02-11 22:35:00,9869.83,9871.25,9864.0,9865.97,29.887443
2020-02-11 22:36:00,9866.14,9879.55,9864.54,9875.74,32.729093
2020-02-11 22:37:00,9875.74,9882.09,9875.74,9879.04,65.348218
2020-02-11 22:38:00,9879.04,9887.5,9870.48,9876.0,136.265623
2020-02-11 22:39:00,9876.51,9879.2,9872.43,9875.61,26.451931
2020-02-11 22:40:00,9875.69,9879.0,9874.27,9877.0,38.247015
2020-02-11 22:41:00,9875.89,9878.15,9873.04,9874.77,21.234772
2020-02-11 22:42:00,9875.36,9885.0,9873.76,9874.09,62.124522
2020-02-11 22:43:00,9874.12,9876.48,9873.76,9874.85,17.767867
2020-02-11 22:44:00,9874.61,9875.98,9868.42,9868.44,15.700531
2020-02-11 22:45:00,9868.45,9875.18,9868.42,9871.58,15.428453
2020-02-11 22:46:00,9870.95,9872.44,9869.71,9870.0,16.381156
2020-02-11 22:47:00,9870.62,9870.65,9869.03,9870.5,23.597929
2020-02-11 22:48:00,9870.5,9870.65,9862.18,9862.73,31.992137
2020-02-11 22:49:00,9862.88,9864.69,9855.0,9863.65,52.381174
2020-02-11 22:50:00,9863.58,9869.19,9861.03,9866.94,50.274246
2020-02-11 22:51:00,9866.29,9868.0,9857.73,9857.74,68.257827
2020-02-11 22:52:00,9858.28,9861.96,9854.77,9856.72,44.251726
2020-02-11 22:53:00,9855.06,9858.58,9853.18,9853.36,46.270125
2020-02-11 22:54:00,9854.78,9856.8,9852.48,9855.08,41.878351
2020-02-11 22:55:00,9855.08,9856.97,9853.0,9855.24,47.952537
2020-02-11 22:56:00,9855.28,9856.97,9853.02,9853.46,26.203446
2020-02-11 22:57:00,9853.95,9856.36,9852.25,9852.25,31.974499
2020-02-11 22:58:00,9852.74,9852.95,9850.03,9850.03,25.165682
2020-02-11 22:59:00,9850.03,9859.05,9847.0,9857.95,91.07193
2020-02-11 23:00:00,9857.19,9864.35,9852.58,9861.14,124.419906
2020-02-11 23:01:00,9861.25,9870.0,9857.72,9860.6,45.505552
2020-02-11 23:02:00,9860.53,9863.42,9857.72,9857.86,18.905246
2020-02-11 23:03:00,9857.86,9861.5,9857.49,9860.95,41.900092
2020-02-11 23:04:00,9860.74,9861.21,9857.96,9859.2,23.224367
2020-02-11 23:05:00,9858.9,9860.57,9856.85,9856.85,18.05081
2020-02-11 23:06:00,9856.85,9859.98,9853.24,9859.61,20.158466
2020-02-11 23:07:00,9859.11,9875.53,9859.1,9875.53,56.156447
2020-02-11 23:08:00,9875.01,9884.25,9871.82,9880.02,43.861537
2020-02-11 23:09:00,9880.12,9888.0,9879.01,9879.83,61.667978
2020-02-11 23:10:00,9880.98,9881.92,9875.17,9875.99,34.601146
2020-02-11 23:11:00,9876.0,9882.16,9875.13,9881.8,31.265514
2020-02-11 23:12:00,9881.83,9882.41,9876.5,9878.2,34.382595
2020-02-11 23:13:00,9878.16,9879.67,9875.01,9877.6,29.732648
2020-02-11 23:14:00,9877.67,9891.91,9875.15,9891.86,51.786133
2020-02-11 23:15:00,9891.51,9925.0,9889.95,9917.37,385.428237
2020-02-11 23:16:00,9918.28,9940.0,9914.12,9922.27,231.465994
2020-02-11 23:17:00,9922.24,9922.26,9913.17,9920.0,54.044976
2020-02-11 23:18:00,9920.0,9932.08,9916.61,9923.33,61.859273
2020-02-11 23:19:00,9924.67,9943.55,9923.33,9942.2,84.956398
2020-02-11 23:20:00,9943.49,9963.18,9938.09,9958.13,415.61665
2020-02-11 23:21:00,9958.06,9959.51,9941.03,9955.24,96.944927
2020-02-11 23:22:00,9955.05,9973.68,9954.98,9966.56,122.025458
2020-02-11 23:23:00,9966.56,9984.98,9960.01,9971.45,185.874532
2020-02-11 23:24:00,9971.45,9973.52,9955.88,9959.15,198.548137
2020-02-11 23:25:00,9959.39,9970.0,9950.0,9965.1,124.798803
2020-02-11 23:26:00,9965.13,9979.76,9955.72,9956.86,54.011747
2020-02-11 23:27:00,9959.92,9975.0,9955.49,9974.11,92.672051
2020-02-11 23:28:00,9974.99,9986.81,9974.46,9986.81,82.186188
2020-02-11 23:29:00,9986.81,10000.0,9983.23,9992.69,229.036168
2020-02-11 23:30:00,9991.54,10054.62,9985.93,10050.72,467.237266
2020-02-11 23:31:00,10050.73,10060.99,10028.01,10029.84,288.856048
2020-02-11 23:32:00,10029.77,10060.0,10028.01,10059.4,146.761933
2020-02-11 23:33:00,10057.28,10061.06,10029.93,10041.94,179.770403
2020-02-11 23:34:00,10041.98,10057.99,10040.12,10047.81,118.592086
2020-02-11 23:35:00,10047.85,10056.62,10038.03,10052.4,102.147473
2020-02-11 23:36:00,10053.96,10077.73,10052.39,10057.61,246.743262
2020-02-11 23:37:00,10057.66,10090.0,10053.9,10083.73,380.878453
2020-02-11 23:38:00,10081.53,10085.89,10068.74,10071.84,161.453679
2020-02-11 23:39:00,10071.84,10077.94,10058.0,10058.0,134.024142
2020-02-11 23:40:00,10058.66,10076.67,10056.08,10076.19,214.693281
2020-02-11 23:41:00,10076.21,10090.32,10070.0,10090.32,116.606853
2020-02-11 23:42:00,10090.19,10160.0,10083.34,10138.87,949.518342
2020-02-11 23:43:00,10138.69,10159.9,10117.78,10154.75,482.588729
2020-02-11 23:44:00,10154.75,10155.83,10137.52,10148.48,193.477402
2020-02-11 23:45:00,10145.44,10194.0,10145.0,10175.02,533.950718
2020-02-11 23:46:00,10171.79,10171.79,10137.51,10151.8,285.012595
2020-02-11 23:47:00,10152.74,10158.24,10095.49,10117.29,480.902065
2020-02-11 23:48:00,10117.29,10135.49,10103.95,10112.51,153.823962
2020-02-11 23:49:00,10112.51,10136.99,10111.0,10126.54,151.844041
2020-02-11 23:50:00,10126.33,10139.98,10115.15,10119.68,192.64978
2020-02-11 23:51:00,10119.77,10143.95,10118.38,10133.54,203.380195
2020-02-11 23:52:00,10133.42,10140.0,10122.22,10139.99,105.339872
2020-02-11 23:53:00,10139.97,10155.88,10135.5,10140.28,158.71219
2020-02-11 23:54:00,10142.3,10151.4,10130.38,10134.17,124.221319
2020-02-11 23:55:00,10136.37,10145.28,10131.64,10143.0,128.980572
2020-02-11 23:56:00,10141.86,10152.3,10141.14,10151.59,130.68997
2020-02-11 23:57:00,10151.44,10167.47,10148.94,10167.47,142.426498
2020-02-11 23:58:00,10165.88,10174.9,10152.72,10154.35,138.7477
2020-02-11 23:59:00,10155.46,10165.0,10152.71,10164.99,79.203022
